BOARD - WAY|New Alyssatown|2019|206|4391|4831|3642
ATTENTION - STAND|Danielhaven|2001|287|3997|488|3590
LAUGH - MR|South Meredithmouth|2004|262|2191|2856|1353
SELL - DISCUSSION|Sawyerport|2002|4|2053|2237|3609
FOCUS - SPECIAL|Jonathantown|2001|261|568|1304|2762
SPACE - POLICE|Ericaport|2007|35|4383|4089|2012
ANSWER - PAPER|Michelleview|2001|418|285|4188|852
REALIZE - OFTEN|Kellyfurt|2010|63|2465|416|2196
DESIGN - PROTECT|New Steven|2014|43|98|3791|922
PROVIDE - LEAD|Jasonport|2012|411|1623|4061|1874
MATTER - FIGHT|East Kellymouth|2003|184|2340|4458|1331
FEAR - RIGHT|Deniseton|2008|345|936|1259|2406
SKIN - FAST|Charlesfort|2005|353|1888|4181|2744
REALLY - REPUBLICAN|Port Shelby|2021|303|4247|4525|284
HAIR - STUDENT|North Judy|2003|479|3291|737|1115
DOOR - HOSPITAL|Stewartborough|2011|340|1960|3907|3536
LETTER - PLANT|New William|2003|411|3813|1968|2274
REMEMBER - ABILITY|Burkemouth|2010|87|855|616|4016
OUTSIDE - LEVEL|South Todd|2010|263|3873|1718|1027
ART - SITE|Marcusport|2014|371|2334|495|4484
TAX - WILL|Lewisland|2007|298|967|2317|2063
WIND - AND|Bradleyberg|2001|322|3883|1676|4652
PULL - KIND|Kevinbury|2009|213|2928|3497|4341
TO - BILLION|Davidbury|2010|53|1013|2123|4374
TO - CARRY|North Chrisfort|2020|53|3976|1210|4647
YET - SCHOOL|West Christinechester|2020|342|3763|1247|2287
EXPERT - WOMAN|Tristanville|2007|199|2404|3164|2105
LAND - HOME|Theresafurt|2008|222|3133|1982|4964
HARD - SIMPLE|Port Christineburgh|2011|95|4000|1678|3028
ALSO - COURSE|West Juliamouth|2014|361|3583|721|3223
BAG - OFTEN|Marialand|2003|157|3111|589|4449
FOOD - CARRY|West Meganshire|2019|38|934|4612|3488
INTO - MANY|South Lisaland|2009|468|1441|3321|3001
POLICE - NOR|Virginiaside|2002|257|425|3108|4775
OK - COUPLE|Jonesstad|2014|426|4689|3298|1207
FIELD - TRIAL|Erictown|2007|357|4415|4516|2371
MEET - INSTITUTION|West Angelica|2017|46|126|3584|3994
ECONOMY - SOME|Cummingsshire|2017|26|107|4762|1350
TREE - AIR|Ryanborough|2005|374|284|1127|2769
FRONT - MINUTE|Mayershire|2015|91|237|4542|1563
BABY - ACTUALLY|Gabriellemouth|2010|255|355|368|2633
WISH - HAVE|New Timothyshire|2003|14|3983|2582|1687
BUILD - HE|East Christina|2006|433|3359|3552|1491
LIVE - AIR|West Valerie|2004|293|3448|2000|1872
PREVENT - HARD|Lake Emily|2020|106|4665|297|1956
HERE - SUPPORT|North Tinashire|2015|99|1812|2646|2601
BAG - LEG|Raymondside|2008|462|169|2520|4204
DEBATE - ANYONE|South Austinton|2015|326|4985|2831|935
IMAGE - PREPARE|Port Jasonberg|2006|382|3484|3943|3632
ONCE - ABLE|Haasland|2020|309|4185|3530|637
ANALYSIS - RISE|New Richard|2014|450|3620|610|4858
THIRD - ESTABLISH|Julieton|2018|456|4578|9|4754
LEAD - DEGREE|West Aaronborough|2006|114|4884|652|3452
HUGE - PRODUCTION|East Bradley|2012|53|3361|2373|1003
PROCESS - RUN|Woodfort|2016|455|2506|3666|2706
BASE - HERE|North Rickton|2010|167|96|2588|3572
START - BROTHER|West Jill|2014|173|1070|1751|1731
START - EASY|North Heidi|2000|300|2280|3392|2885
USUALLY - THEMSELVES|Barrychester|2019|77|1388|721|3367
RECEIVE - BE|North Jorge|2021|110|4954|3505|4521
PRICE - FOLLOW|Patrickmouth|2018|251|1077|650|161
CARD - OPPORTUNITY|Lake Christianside|2013|108|102|4844|672
EACH - REAL|West Veronicaburgh|2002|305|1435|114|299
WITHIN - SHOW|Hubbardberg|2001|454|3228|3428|2380
USUALLY - PIECE|Fishermouth|2003|499|84|4313|3249
SPEND - REVEAL|South Thomasbury|2017|220|519|2925|3321
ABLE - ATTORNEY|North Stevenfurt|2001|363|4853|869|3984
MISSION - MOVE|Hollychester|2019|98|3369|4785|2187
BILLION - COMPARE|North Johnfurt|2018|262|2080|4770|326
FOR - BUSINESS|West David|2009|45|352|1690|1507
OPEN - RESPONSE|East Tiffany|2019|282|3556|986|3345
DIRECTION - SUFFER|Lake Elizabeth|2004|16|802|2669|2134
FINE - EARLY|Bishopview|2004|453|1989|4700|1795
IF - BREAK|Taylorberg|2005|164|4925|3568|4038
PAGE - SURFACE|Richardsonmouth|2010|275|3361|1401|1981
WRITE - LINE|Simonfort|2018|468|1998|4038|3866
YOUR - COVER|Lake Teresafort|2012|466|3721|4141|198
PAGE - DINNER|West Patriciafurt|2014|335|3491|3283|748
LESS - WIDE|North John|2001|369|2985|1273|4970
ACROSS - AWAY|Edwardmouth|2009|315|3907|1741|1601
NOTICE - IMPORTANT|East Sarahmouth|2012|177|4910|4127|2189
LOCAL - CLEARLY|Lake Russell|2006|66|1705|2626|3932
WORRY - THIS|Christopherborough|2001|431|3768|3519|2413
ITS - AWAY|Allisonland|2021|266|1239|3945|127
EXIST - PUBLIC|Port Amy|2009|14|4159|2302|1479
COMPANY - RETURN|Deborahtown|2014|359|3699|876|4821
TOWARD - REASON|East Jasonberg|2012|424|4642|3312|3200
GIRL - ARM|Lake Eric|2021|118|4639|713|1759
SUBJECT - FRONT|Huntville|2014|475|2766|3129|2799
RECENTLY - ACCOUNT|Lake Angelaside|2019|274|3531|3148|4952
BE - DESIGN|South Taylorshire|2015|212|1997|4579|4561
HARD - SELL|West Davidburgh|2012|213|3367|2379|4979
DIFFERENT - REPUBLICAN|Mcdowellview|2011|153|4826|337|739
THROW - WALK|Port Gabriel|2003|189|339|666|1263
INTERESTING - BUILD|Port Chloe|2012|281|72|4767|3980
MESSAGE - TELL|Teresaberg|2010|441|3094|3141|1274
CERTAINLY - RESEARCH|Raytown|2001|54|142|4676|4214
WHOLE - DEMOCRAT|West Lynnside|2005|174|196|3650|533
POWER - SIGN|New Matthewstad|2013|149|2771|4954|730
SING - SOCIETY|Lake Mauriceview|2015|173|1610|1265|2830
SIMILAR - THEORY|East Edwardstad|2000|80|3078|924|1052
HOPE - BORN|Lake Jose|2017|142|3282|4617|1846
COULD - MENTION|Christopherport|2021|58|4833|4145|645
EXECUTIVE - SOCIETY|Port Williammouth|2001|349|1373|4474|2861
CHOICE - MEMBER|Adamsmouth|2004|318|1765|1437|3222
OWN - ABILITY|Coxborough|2015|399|558|3078|573
SECTION - COLD|New John|2010|201|2123|1164|554
AMONG - ABOUT|Stephenborough|2013|120|4985|4025|2219
FIND - FINAL|Timothyshire|2015|318|2924|4935|1174
CHILD - END|South Mark|2014|269|2896|3943|2387
HOUSE - PREPARE|Williamsonmouth|2008|284|1143|632|879
PARTICIPANT - ENVIRONMENTAL|Adkinsville|2010|440|1480|568|1321
PLAY - IT|Lake Katrina|2018|336|3589|1306|8
ANYTHING - INCLUDING|Barnettbury|2016|234|2905|528|2085
LAWYER - LAUGH|Goodport|2017|83|3498|4105|759
AGREEMENT - NEARLY|South Matthew|2014|18|3998|2492|3556
A - KEY|Albertshire|2004|324|1582|2764|4690
RIGHT - SKILL|Mooremouth|2021|328|877|1578|2715
POLICE - OFFICE|Maryborough|2006|36|639|1391|632
HOUR - HEAR|North Sheena|2009|22|4056|2372|4857
ARTICLE - EVIDENCE|New Teresa|2010|417|299|4658|2008
SUFFER - DIRECTION|North Andrewport|2010|443|1627|1163|546
RELATIONSHIP - SEND|Mcdonaldport|2001|121|2290|1336|645
THEM - ECONOMIC|Elizabethmouth|2017|415|711|2336|34
WATER - WITHOUT|Marshallberg|2019|419|203|806|4116
CAR - MR|New Andrewmouth|2010|131|34|4401|474
MODEL - FOREIGN|Port Joseph|2002|483|4930|4126|424
MAN - ABOUT|Emilyberg|2006|353|3459|1986|1477
HIMSELF - US|North Stephen|2002|300|4170|3605|694
SONG - VALUE|Alexandrastad|2003|442|2790|4861|1941
TRADE - SOUND|West Claire|2000|155|57|1048|3430
UNTIL - WHY|West Nicholasstad|2015|11|3770|214|1566
SMALL - PHONE|Lake Jenniferport|2019|415|3757|479|2064
READ - PURPOSE|Lake Connor|2006|459|2923|4183|1755
MEDIA - BENEFIT|Johnsonborough|2005|424|3084|4373|2388
THIS - DEVELOP|Port Alexanderview|2008|409|350|4600|2949
PUT - AMOUNT|Walkermouth|2012|57|1184|3158|4363
TREAT - TAKE|South Victoriatown|2008|472|4274|1040|3212
REFLECT - SPEAK|South Lance|2021|382|1145|591|2625
OPPORTUNITY - DETAIL|North Anthonyfurt|2016|88|127|3652|956
BILLION - PUBLIC|North Davidborough|2005|241|3431|230|4756
SOUTH - NATION|Rhodesstad|2006|288|1135|2213|3505
TAX - HARD|Alexanderside|2021|469|2939|4756|3139
RECENTLY - DREAM|Kimberlystad|2003|245|1780|378|2280
TOO - UNTIL|Jaclynchester|2021|314|284|4427|1185
OWN - SCHOOL|Lake Rachelchester|2014|110|2774|1351|4271
ENVIRONMENT - RED|New Megan|2006|440|761|332|710
BIT - NOR|North Sandrastad|2019|40|814|4479|664
RESEARCH - METHOD|Kevinland|2014|97|1395|1421|1170
SECTION - HAVE|New Sarah|2021|41|4908|4601|2455
CERTAINLY - CULTURAL|Ashleyview|2002|446|2649|4947|2467
REVEAL - NEXT|New Cody|2000|22|1672|2037|2076
WILL - TRIP|Port Tina|2019|114|1279|3336|3324
MUSIC - IDEA|Port Nicoleview|2012|452|823|959|1626
GAS - EXPLAIN|West Molly|2005|451|1065|81|1319
INTEREST - CLEARLY|Laurenhaven|2006|269|412|4623|4925
THREE - CRIME|North Angela|2019|472|2160|692|1470
CUP - MAINTAIN|Woodstad|2004|219|1001|1349|584
NATION - RETURN|East Ashleyport|2006|77|104|2572|3322
THIS - OTHERS|Ronaldport|2003|305|4252|184|1890
WILL - TOP|New Douglasburgh|2019|20|1460|4179|4465
ENERGY - FORM|North Jeremy|2013|186|1369|1272|3447
WRONG - NEWSPAPER|Meganfurt|2011|45|3218|3406|1011
IMPACT - MOST|Lake Laurenhaven|2002|145|722|4981|2804
BUILD - SIGN|Port Philipberg|2007|144|3266|3870|3841
LAW - HOT|Jonmouth|2014|351|367|2234|2772
NEARLY - DIFFICULT|Russellshire|2008|35|3618|2903|2393
MAGAZINE - DIRECTION|Maryton|2000|56|851|3554|3914
RETURN - BORN|Matthewview|2006|344|3184|3647|4958
BEAUTIFUL - MRS|Joshuaburgh|2013|47|2957|592|3827
BLOOD - EXPERT|East Jeffery|2002|92|3981|1162|3180
TRADE - GUY|Debbieton|2000|423|3660|4093|3138
IDEA - SOMEBODY|North Evanton|2021|43|2372|1129|3792
LEG - FOOD|New Martinberg|2006|87|3803|1044|619
SOUND - PROBABLY|North Shane|2006|470|4551|3370|987
OPPORTUNITY - GARDEN|Port Brian|2017|370|1300|3901|1905
SHARE - KEY|South Josestad|2019|285|4865|4683|1829
MOUTH - PAY|Linside|2010|183|3425|1193|2063
CHECK - A|Meadowsfort|2019|157|3255|1500|902
PULL - BOY|Port Emilyton|2008|279|2704|648|1769
TRY - CARD|North Jillianfort|2017|298|2672|4205|703
LATER - HUGE|Prestonville|2003|257|3707|1887|176
STATEMENT - ALL|North Wendy|2007|479|2920|2331|4019
SAME - SOUTH|Jacobberg|2006|68|2344|3477|2069
DURING - THEN|Smithborough|2016|55|2718|2223|1807
LOSE - ROCK|Port Heatherborough|2012|295|2530|3700|479
AROUND - BANK|Curtisstad|2003|177|1058|4233|3095
LEAST - ENOUGH|New James|2021|133|3995|2023|570
AUTHOR - EDUCATION|Scottmouth|2014|23|1978|2496|973
RISE - SIMPLE|West Howard|2017|144|378|1225|1572
MODERN - OPTION|New Ryan|2021|415|2806|3610|4617
OWN - MUCH|Port Susan|2006|228|323|2797|4366
SEAT - RELATE|Rhodesview|2003|443|1259|4586|4202
TROUBLE - WEAR|Lake Chad|2016|497|246|2560|9
BILLION - EDGE|Crosbyshire|2020|341|4603|1707|2908
DISCUSSION - DIFFERENCE|Collinsborough|2006|387|1374|4425|4369
FULL - TOGETHER|Banksstad|2004|242|3399|1037|3620
OWNER - RADIO|Rachelmouth|2001|22|3998|4074|2265
GROW - LISTEN|West Johnville|2021|193|3418|1153|4381
FUTURE - EITHER|Brittneychester|2005|149|657|799|212
PEOPLE - COMMON|Turnerside|2021|284|3821|46|1679
AGREE - GOVERNMENT|Christinatown|2003|73|1109|3814|4144
SURE - DECADE|North Dawn|2015|277|4058|3929|1634
AREA - AROUND|South Jonathanland|2016|102|3762|1091|4186
SOURCE - WELL|Port Douglasmouth|2004|211|3898|3954|3029
RESEARCH - UNIT|New Jacobtown|2001|406|633|1145|975
LISTEN - MUST|North Evelyntown|2017|415|269|3332|1322
INCREASE - SCHOOL|Lake Joseph|2018|383|2863|3916|2280
EVEN - WHAT|Lake Sarahchester|2003|125|4434|586|790
TOUGH - WISH|Port Rachelmouth|2011|363|3869|3612|3578
LATE - DEVELOP|Lake Patricia|2013|340|4132|2206|638
RADIO - STANDARD|Staceytown|2007|342|4209|1976|4079
ACTION - SONG|Alexandermouth|2008|59|3912|3586|3723
EVEN - BEAUTIFUL|South Nathan|2019|17|3529|2413|3608
GOAL - NAME|Peterfurt|2002|423|4332|4076|4271
CUT - PARENT|New Peter|2018|443|4367|239|1240
DETAIL - HOUSE|North Michaelville|2016|131|4332|4215|2921
ABILITY - WISH|Floydbury|2009|381|1382|2641|1839
DIFFERENT - DIRECTOR|West Allenbury|2010|157|379|943|2915
REVEAL - MATTER|North John|2021|455|2286|4061|1205
RATHER - ANYTHING|Brownstad|2000|177|2435|1761|217
DISCUSS - KEY|Johnville|2000|181|333|2990|2666
BECAUSE - FAST|Lake Natasha|2015|348|3522|1633|4921
THEMSELVES - SET|North Matthewchester|2013|285|373|4407|4943
PROTECT - HAVE|Lawrenceberg|2015|397|1347|255|3441
EXPERT - WANT|Benjaminport|2020|352|2700|4603|3488
LOT - GROW|West Malloryview|2001|414|4769|983|4594
BLOOD - LARGE|Port Amanda|2021|308|2306|3108|1414
EFFORT - EXPECT|New Katelyn|2013|309|1878|1382|3601
BLOOD - DISCOVER|Perkinsberg|2014|61|4281|1117|4650
CAPITAL - MANAGEMENT|Markshire|2021|496|1071|4437|4839
FRIEND - SERIOUS|South Terri|2013|55|558|3994|1716
FUTURE - AVAILABLE|Wadeville|2019|197|4550|2732|840
DEVELOP - ANALYSIS|Stevensport|2012|393|3059|2031|3502
KNOWLEDGE - BEFORE|Rubenville|2003|16|4315|2804|3854
BACK - TEACHER|Gibbsport|2016|80|2028|1117|2354
GREAT - WHOM|Perryfurt|2007|273|1305|3356|1616
CONGRESS - KID|Jameshaven|2011|183|921|3792|4429
AVOID - PICTURE|New Kenneth|2017|350|1407|694|2383
SIGNIFICANT - IMPORTANT|Port Kylieland|2014|484|3250|2616|2100
NO - COMPUTER|Longstad|2000|328|1030|2865|1132
HUNDRED - NUMBER|Maryhaven|2004|497|49|438|4036
GUY - BEST|Davisbury|2020|301|1044|3410|4363
WHEN - HAIR|Jenniferbury|2018|288|2238|1740|60
LAND - MY|North Jennifer|2018|182|2552|565|3262
INDIVIDUAL - MANAGE|Lake Samuel|2019|390|2261|2365|4626
TOP - SPEECH|Randyfurt|2016|441|1316|1647|3618
SOURCE - RATE|Crystalfurt|2001|110|3519|4428|3658
SISTER - MATTER|Laurenside|2004|314|1711|274|3567
DEGREE - ANY|Haleshire|2013|299|3203|916|3225
WITHOUT - EARLY|Robinsonbury|2015|360|778|2520|2753
SON - FUTURE|Williamsborough|2007|109|3080|4494|7
ENJOY - TOO|West Donaldland|2006|306|2350|4897|254
LAW - STORE|Lopezside|2006|7|3543|1652|3649
OTHERS - KNOWLEDGE|North David|2015|120|4842|4419|3394
SITE - GENERAL|Sextontown|2000|459|3132|2870|718
MACHINE - CULTURE|New Karenchester|2021|365|2435|2091|285
INSIDE - CENTRAL|Stephenville|2009|101|4480|2796|1496
PROJECT - RANGE|Johnsonberg|2018|484|54|2092|1283
ACCORDING - VERY|Kevinland|2013|233|4943|4120|1251
TRAINING - ALMOST|Villaside|2004|17|1535|3718|528
FOUR - PER|Kathleenmouth|2001|77|1449|4052|703
LEAST - HEAVY|Port Tracy|2003|103|702|1791|32
ACTION - TRUE|North Amandachester|2016|454|1966|3820|4753
OK - HOSPITAL|North Craigland|2020|403|3062|2053|4150
FIGHT - AIR|Davismouth|2018|383|373|1415|2475
THIS - LOSE|Port Davidmouth|2002|445|4861|3213|4944
HOWEVER - PICTURE|Dukeburgh|2002|1|1504|4638|4058
AVOID - PRESENT|South Katrina|2001|406|138|517|2425
DEFENSE - SOON|South Patrick|2003|401|1832|1534|3276
LOCAL - MODERN|Garrisonberg|2004|37|1620|2871|3672
SCENE - NATURAL|Richardstad|2019|26|409|3969|2704
SHE - BRING|Andersonshire|2008|463|4808|476|530
QUICKLY - THOUGHT|Davidbury|2006|410|4921|4536|4980
POLICY - POOR|Zhangburgh|2012|441|4016|2179|4944
DISCUSSION - ROLE|Codyburgh|2014|479|1120|4018|2310
IT - CULTURE|Erinfort|2014|298|445|1025|3978
EVERYTHING - DURING|West Andreaville|2012|303|4384|4814|4861
DO - SIX|Laurenview|2012|406|4099|2984|4884
INDEED - AGO|New Timothybury|2016|180|2893|1388|1325
THIS - DURING|New Suzanne|2018|55|4044|201|3953
WEEK - ARRIVE|Williamsstad|2003|90|772|95|4464
PAINTING - MATERIAL|West Erinmouth|2019|291|1352|961|244
MAJORITY - HERSELF|Port David|2006|267|1033|1244|4174
PROVIDE - ROLE|Teresachester|2016|379|3948|134|1457
THERE - IT|South Sueland|2017|157|118|4510|3405
DAY - ANY|Brandonfurt|2002|135|3115|2364|4997
SECOND - INDICATE|Johnsonfort|2000|133|4660|1726|1984
VOTE - TRUTH|Myersville|2008|269|3390|274|398
NOR - FILL|Collierburgh|2006|377|2654|1727|4082
REPRESENT - WORRY|North Carolynland|2004|198|45|3771|4698
LEAD - ENVIRONMENT|East Steven|2015|30|390|3208|4961
PRODUCE - SELL|New Sandra|2013|171|1226|71|365
ADMIT - ARM|Jonesstad|2001|380|1436|2333|166
CHARACTER - STRUCTURE|Parrishbury|2017|206|3621|1465|3013
PRACTICE - DRIVE|Bryantfort|2006|452|166|2205|4110
READ - FALL|Edwardborough|2008|245|1552|923|2226
KID - STAND|West Aliciaside|2013|471|2440|2671|2115
TELL - SERIES|Port Lucasburgh|2006|420|2467|1249|4945
RANGE - SENIOR|Marcuschester|2004|359|1410|1439|1746
WHY - ACCEPT|Grahamside|2021|466|4095|4623|1175
SURFACE - BE|North Matthew|2021|382|4363|2498|4510
DAY - SOME|Ramseyberg|2018|203|1443|699|388
DIRECTOR - HOTEL|Lake Shelley|2015|208|1171|1648|2681
HEART - STATE|Scottland|2008|111|1259|871|1133
HOTEL - LOSS|New Stevenstad|2000|167|4602|2618|3667
LEG - WHILE|Jasminefort|2007|330|3008|1243|701
DREAM - ARTIST|Melaniefort|2000|123|1438|4056|906
ENOUGH - SIX|Port Thomashaven|2001|150|3729|4118|2625
HERE - HUMAN|Lake Craig|2004|393|1337|1077|2272
FORM - SEAT|East Kennethhaven|2015|446|3574|3693|979
CHANCE - RELATIONSHIP|Grahamton|2013|121|376|3712|4975
COUPLE - YARD|Brownton|2010|60|4207|633|4572
THOUSAND - RICH|North Christine|2018|7|3394|3675|2331
BORN - INSTEAD|Millerhaven|2021|350|2248|4814|1660
DRUG - SON|Ellenhaven|2015|435|3404|3232|1158
DEMOCRATIC - ISSUE|Jameston|2014|358|448|1738|4656
CONGRESS - FACE|Richardtown|2001|162|2602|4352|569
MUSIC - REALITY|Lake Tamarachester|2003|312|446|1604|916
EVEN - THROW|Lake Wendy|2011|478|1555|547|4172
COST - HALF|North Christina|2016|455|1886|1179|3793
TAX - DEVELOP|Powerschester|2001|106|2082|2099|4477
PLAN - CLASS|Port Christopher|2014|332|4833|4541|2981
MEMORY - MANY|Lake Sarahville|2010|475|1095|1889|4366
AUTHOR - FRIEND|Washingtonview|2003|180|1761|3555|266
PREPARE - DEMOCRATIC|East Amberfurt|2001|145|4695|906|1417
SHE - AVAILABLE|Cynthiafurt|2008|439|3319|331|229
SPRING - THROW|Claytonton|2005|442|1058|3899|3964
PRICE - FINAL|Nicoleside|2020|252|3349|771|4299
TROUBLE - THINK|East Stephen|2001|8|3925|3273|1810
COMPANY - PRETTY|Lake Keithton|2007|240|913|2759|2970
SOMEONE - PREVENT|Davidfurt|2017|391|2551|2169|1111
KITCHEN - NEVER|Waltonview|2017|416|3834|4815|1966
STANDARD - READ|East Barbarahaven|2013|486|776|4280|2964
SET - BAG|Lake Seanfort|2015|82|2744|2802|3411
TEND - ATTENTION|West Christine|2016|27|4764|725|3122
AUTHORITY - RED|New Wendyborough|2006|337|1911|197|4738
RATHER - SEEK|Roachview|2006|407|2612|1340|2967
JOB - PERSONAL|New Ryanfurt|2002|348|3024|3529|2785
WRITE - FIRM|South Davidshire|2008|178|692|2354|2393
THREE - DECIDE|Lake Jamesview|2010|354|3326|1783|728
FREE - TECHNOLOGY|Kaylaberg|2012|286|3789|2871|328
NATIONAL - COMMON|New Benjaminport|2015|12|3843|185|1859
REALITY - BUDGET|Port Ericbury|2011|395|3794|2772|4620
SUCCESSFUL - AGO|New Heatherfort|2002|51|1644|512|3182
SKILL - ATTENTION|North Arthur|2000|162|2030|3116|4412
APPLY - PERSONAL|Bradleyborough|2018|176|1333|1920|2246
CONCERN - ANALYSIS|Ochoabury|2013|236|1401|4510|2168
INSTEAD - REFLECT|Jonesview|2012|241|1976|3017|4658
ARRIVE - EACH|Port Debbie|2006|442|3232|75|3439
DEBATE - VOTE|East Jeffbury|2016|5|19|3600|2254
MORNING - THOUSAND|Alexanderville|2021|28|4958|3126|2433
IMPACT - WHAT|North Alan|2009|314|4674|2552|588
RESOURCE - MEET|Patrickport|2018|337|4792|3450|10
TOWARD - LIFE|West Calebstad|2005|53|1872|2611|1183
AUDIENCE - OTHERS|South Kelli|2016|7|1013|2036|2464
DREAM - WITHOUT|Lynnshire|2008|39|568|4771|4826
YEAR - NECESSARY|Tylerport|2008|222|2468|3687|1533
NICE - CAN|Fernandezton|2008|442|4179|1091|1227
BEGIN - MAGAZINE|Johnathanstad|2006|66|2070|1439|858
SEA - GROWTH|Brittanyville|2006|445|898|1546|3662
MEMBER - AGREEMENT|Crossmouth|2007|415|3862|4765|905
HOME - NATURE|New Kimberlymouth|2004|494|4577|4873|4750
OPTION - PAST|South Jessicachester|2009|339|4154|3981|4388
RELATIONSHIP - PLACE|Lake Mark|2020|319|1754|2066|1844
WATCH - FEAR|New Saraport|2020|85|3998|3675|4323
LAWYER - EXPECT|Cindyhaven|2005|133|1024|1809|4703
TRY - NATIONAL|West Joshualand|2010|490|1473|519|419
ADULT - NUMBER|Lake Davidport|2010|142|2446|3859|2424
GOOD - SORT|Port Nicolemouth|2003|448|3169|14|3382
PURPOSE - NEED|East Vickimouth|2013|274|4684|3301|2198
FIND - TEAM|South Amybury|2019|257|1188|2900|1750
SISTER - FIRST|Nancyfort|2002|37|3515|4116|4323
DINNER - MIDDLE|Angelaview|2008|307|3576|4229|3143
REDUCE - AREA|New Travismouth|2007|165|9|1246|2745
DOCTOR - REALIZE|Hendricksmouth|2019|262|1742|4260|4381
CHARGE - FAST|Wilsonfort|2008|335|1143|4661|740
CATCH - SOCIETY|Mendozamouth|2017|159|3672|322|3882
NORTH - CENTER|South Jeffrey|2016|254|559|905|2627
CATCH - SUGGEST|Port Josephshire|2007|195|1037|407|4391
ART - MATERIAL|Port Ryanberg|2011|486|4761|2133|1527
INDUSTRY - INDEED|Jessicaborough|2000|425|3614|2187|4971
SKILL - RECENTLY|South Julietown|2014|217|970|1527|238
APPROACH - CERTAINLY|North Ashley|2004|92|503|712|925
WORD - WRITER|Roberthaven|2000|49|1894|3705|610
HAPPEN - PRESSURE|North Tinaside|2003|275|3022|639|1536
POLITICAL - SERVICE|Gregtown|2019|354|3954|2324|1300
PROFESSOR - GUY|South Deborah|2014|303|1270|2490|1804
ACTION - SCIENTIST|Jacksonland|2009|171|1540|4943|4697
CHILD - YEAR|New Markchester|2010|399|1884|293|4296
BIG - OLD|East Lance|2011|376|431|2471|952
GAME - ATTENTION|Port Danielberg|2019|424|747|756|3481
HAND - AHEAD|Robertton|2001|275|2983|4025|1870
ABOUT - CONSUMER|Chanland|2003|354|2724|3239|1935
EAST - STRATEGY|Moorestad|2003|424|3026|634|191
CLASS - NEAR|West Daniel|2017|101|2348|4627|4210
IMAGE - SOMEONE|North Carlos|2001|259|1802|4392|584
WALL - MATTER|New Debra|2017|11|1171|3485|1429
LATER - THREAT|Blanchardside|2001|285|4756|1746|840
ELECTION - HARD|Brittneytown|2013|330|2143|3498|543
DECISION - YEAR|South Marilyn|2015|496|2572|3784|1787
MOUTH - TAX|Lake Jennifer|2005|423|4444|4788|356
THIRD - THIRD|Lawrenceport|2005|354|3439|2953|4451
MOVIE - BE|Matthewshire|2011|123|4206|3496|644
POPULAR - ROCK|East Alanside|2008|363|2210|982|3755
CLOSE - SEAT|Port Ericaport|2003|266|4338|4279|1161
HER - THERE|Riosville|2014|167|1035|1206|1270
STAFF - HIS|Riceshire|2007|125|1455|1983|871
BECOME - DREAM|South Clintontown|2013|49|2179|2809|3756
ENVIRONMENTAL - MORNING|Jamesside|2015|123|4574|4314|4779
CLAIM - STATEMENT|Port Devonfort|2001|130|4434|3610|2764
CHALLENGE - TERM|Tuckermouth|2000|473|1723|558|3742
AUTHOR - SOMEONE|Lake Jorge|2019|198|3395|2490|541
SEA - ANIMAL|Mooreside|2007|244|595|2649|2341
ABILITY - BECOME|Port Tyler|2019|16|1366|1418|3374
AREA - EVER|Wrightborough|2000|157|358|2828|3660
WINDOW - CONGRESS|North Colin|2012|446|755|1599|945
SISTER - BALL|Sarahside|2018|368|1331|2958|1985
SPACE - DEAL|Millsfurt|2012|12|3570|4687|2856
ALONE - SPACE|New Stephanie|2014|201|3611|13|1381
TASK - CENTRAL|Roberthaven|2003|80|547|2515|4224
DEMOCRATIC - GAME|New Samantha|2012|208|3218|119|4263
DRIVE - PRACTICE|Comptonstad|2013|295|3367|1339|1841
WEAR - CULTURAL|Lake Christine|2003|411|4733|2367|3558
THEMSELVES - AREA|Lake Emilyfurt|2000|245|4129|623|3520
ELSE - CAPITAL|South Reginastad|2021|43|2865|42|172
WAY - WHERE|Martinezborough|2005|198|541|104|2901
FOCUS - UNIT|Juliemouth|2011|300|2467|153|1441
TRIAL - SISTER|Anthonyside|2017|31|3657|4306|1580
COLLECTION - FUTURE|North Evanstad|2005|245|4193|2445|1032
HEAR - CAMPAIGN|Victormouth|2017|358|4711|1656|526
LIKE - REGION|Jimmychester|2008|32|1042|3046|96
WINDOW - ANIMAL|Nancyside|2008|65|1855|800|650
CAPITAL - HAIR|North Michaelbury|2012|219|520|4633|3307
PAY - PROCESS|West Allen|2008|153|58|3153|434
OFTEN - EXPERIENCE|Lawrencemouth|2014|447|1779|3211|4164
LOCAL - CAREER|Hollyberg|2010|173|1586|393|3461
ME - TEN|Lake Jasmine|2002|145|2672|3720|4183
PAINTING - CLASS|West Michelle|2019|352|1732|3474|1970
STUDY - EFFORT|Clarkburgh|2009|421|38|582|2656
NATURAL - SUPPORT|East Jennybury|2006|484|3039|156|408
EXACTLY - HOW|East John|2009|311|1724|3885|1771
LINE - LIVE|Kingshire|2018|305|3058|4287|4209
FLY - COMMERCIAL|Harrisontown|2007|57|1646|3973|1969
MAJORITY - FAMILY|South Justin|2000|486|2881|2475|3231
END - MANY|South Susan|2001|355|2638|4827|4682
DECIDE - THEORY|Rileymouth|2003|118|3965|1203|217
CREATE - LISTEN|Williamstown|2015|245|4633|2703|2474
WESTERN - TEST|South Cindy|2017|272|4251|1862|3089
FAST - PROGRAM|Suzannemouth|2007|397|578|1441|1192
KID - CAMPAIGN|Bellberg|2019|389|4522|1823|3744
RESPONSE - PATTERN|Davidtown|2015|327|3|898|1698
AFFECT - SEA|North Michael|2011|403|1840|1219|3237
EXPERT - JOB|Lake Sarahburgh|2000|497|3491|2323|4900
CHURCH - CHARACTER|New Brianview|2005|173|3404|2162|2867
EFFECT - MARKET|West Susan|2020|234|2255|2902|72
FORWARD - BEHAVIOR|Darrenton|2003|336|3634|4755|4279
LIGHT - PRODUCTION|Tylerland|2005|227|3749|2975|1854
HOLD - EAST|Port Anna|2020|56|4078|2125|4623
ITS - STAR|West Jesusburgh|2010|204|1887|1572|4412
UNDER - MOVE|Lake Shawnview|2007|311|4222|885|2154
TRAINING - MODEL|South Justinshire|2001|199|3657|3000|3587
NIGHT - TEND|Brownton|2008|8|1090|363|431
FINE - AVOID|Lake Philliphaven|2021|465|4715|685|3681
EVERYONE - MIDDLE|South Nicole|2010|161|1415|1338|2972
RANGE - MUST|Christopherton|2005|12|4822|1787|440
STYLE - STATION|Lake Richard|2018|396|3995|231|3206
BUDGET - PRETTY|West Patricia|2016|311|1821|1323|4666
THIRD - NATIONAL|East Judithville|2019|148|3969|1102|3240
SUPPORT - POINT|Derrickborough|2007|231|2525|513|3543
WHAT - MR|Boothhaven|2000|479|1566|1940|1755
OIL - THOSE|Wuland|2013|134|4244|90|2108
WHOM - TYPE|North Lindsey|2002|395|843|2545|3642
RANGE - EVEN|Rodriguezview|2007|463|4507|1528|2541
UNIT - MOVEMENT|Warnerton|2015|271|4458|181|4085
WRITE - GROWTH|Laurafurt|2020|142|90|2479|540
COLLEGE - COMPUTER|Reyesbury|2001|52|3642|4677|1066
KID - WORK|Susanmouth|2017|163|3379|4016|1997
EDGE - DINNER|Lake Christopher|2004|423|3508|3817|1399
GAME - RECEIVE|South Matthewton|2005|388|1190|4722|28
DRUG - PRODUCTION|Brianmouth|2003|255|2325|4233|64
NOT - STILL|North James|2004|214|2034|3452|367
SOMEONE - ACROSS|Washingtonfort|2014|303|2625|4539|3253
HUNDRED - UP|Kevinville|2015|303|3472|331|2849
ECONOMY - PRICE|Thompsonmouth|2002|474|4288|4607|2877
SYSTEM - OFF|Acevedotown|2019|308|1105|4097|3413
FLY - TYPE|South Samanthaton|2001|336|4382|4178|3107
ATTACK - DEMOCRAT|New Shawnberg|2013|469|1110|570|4807
BEAUTIFUL - RESPOND|Saratown|2017|294|3155|772|4015
IDENTIFY - FOCUS|Kathleenhaven|2004|344|2964|1838|775
ECONOMIC - CATCH|Lake Lisa|2005|130|437|282|362
POLICE - FIELD|Levyborough|2003|276|1403|1115|2516
CITIZEN - EASY|North Williamland|2021|290|4398|3517|2815
MANAGEMENT - CAR|Richardland|2006|477|1756|904|3633
GIRL - CENTRAL|Port Timothytown|2011|114|3250|4742|4020
BAD - WALL|Donnaport|2010|159|4218|4871|2629
SKILL - ECONOMY|Timothyberg|2007|165|3111|1106|28
BOARD - RELATIONSHIP|Aliciaberg|2015|398|2004|2401|1969
ARRIVE - DESIGN|Bassville|2018|370|2474|1181|306
BEHAVIOR - CLASS|Nathanielmouth|2015|451|2642|4747|1697
OFF - CHURCH|South Ashlee|2015|228|4548|4949|3902
SECTION - CUSTOMER|New Debra|2014|29|583|983|4319
SECTION - TELEVISION|North Michaelport|2002|41|4050|690|3692
BED - REASON|Daltonport|2008|334|1477|2829|2798
ALTHOUGH - CONCERN|East Toddfort|2006|386|1632|4301|3129
CHURCH - ACTUALLY|New Glen|2010|292|4702|2195|3666
TEACH - ALREADY|Lake Shannonhaven|2013|160|1652|2232|768
PROPERTY - MAJOR|Nicolefurt|2002|219|4010|347|119
KEEP - LAWYER|Carpentershire|2011|473|1190|3199|1099
CHAIR - AGO|East Johnborough|2007|416|383|4395|1402
WORD - AVAILABLE|West Markstad|2019|226|3168|262|2929
SHE - I|Claireborough|2012|485|1912|2273|1197
ART - POSITION|Lake Randyland|2002|442|2397|221|611
BASE - KEY|Duncanmouth|2021|253|4828|4434|4268
SHOW - RECENT|North Sarahchester|2021|453|1928|1319|2438
IMPROVE - RATE|Port Justin|2011|80|2566|2584|1369
ABLE - SUPPORT|South Anthony|2003|228|4721|56|2705
SPECIFIC - MODERN|South Marissaland|2020|244|4585|855|4866
WRITER - AGO|East Roberthaven|2007|265|1827|2253|3036
HOUR - PROBABLY|Ernestchester|2017|29|2911|4108|2789
PARTY - COMMUNITY|Lake Shannonborough|2020|296|4588|4205|4636
STREET - PATTERN|Port Teresatown|2015|473|797|535|3075
HAIR - PM|Sanderstown|2010|105|697|2226|4933
UNIT - WILL|North Kathleenberg|2004|492|257|3855|2346
LAUGH - THUS|Port Aaron|2018|152|1733|1432|2327
ALTHOUGH - NONE|New Valerie|2006|463|4822|2807|1310
PROTECT - WHATEVER|New Kelseyshire|2013|225|1403|3628|2286
AVAILABLE - SHAKE|Bergerville|2015|372|436|2700|4868
TV - NEXT|Port Angelamouth|2017|203|3770|25|1750
NIGHT - SKIN|North Michaelville|2009|499|3355|4180|2309
CIVIL - REPORT|Josephmouth|2011|240|4886|4714|4913
AUTHORITY - COMMERCIAL|South Steven|2020|426|1705|352|4991
PLAY - MAY|Zacharyberg|2014|284|4835|1334|4327
PAGE - FEW|New Tonyaton|2015|212|4793|446|3237
IT - NEXT|Leborough|2000|363|2997|3682|4457
MAINTAIN - FORGET|Lake Rachelmouth|2014|309|935|4988|3018
GOVERNMENT - TODAY|Pattersonland|2018|79|1396|465|2419
LAWYER - KID|Port Jessica|2018|369|1736|4196|1114
THREE - SIMPLY|East David|2002|97|1687|2529|4529
LEG - WHOLE|Heatherton|2004|439|1679|2367|3021
FORWARD - TRAVEL|Port Jessicastad|2020|447|3908|3008|3482
CHILD - MACHINE|East Kristin|2015|488|1805|1876|2604
THROW - REACH|North Justintown|2003|463|4783|256|4895
REACH - CHURCH|New Justinfort|2016|82|269|3700|417
INTERESTING - ANSWER|South Renee|2016|35|2722|1504|3361
SING - ALSO|South Malloryside|2002|243|2321|2226|990
STANDARD - AMONG|Villarrealbury|2014|346|1004|4750|4985
TALK - RIGHT|Lake Kaitlin|2001|54|2539|3595|1324
LOT - LETTER|Lake Douglas|2016|34|4091|3747|749
SURFACE - READY|West Stephanieside|2004|157|210|761|4176
SUDDENLY - BY|West Diana|2008|344|900|3462|476
WISH - STANDARD|West Margaretmouth|2012|358|4372|3643|804
LITTLE - SENSE|Jesseburgh|2010|431|3336|540|81
WHITE - SEASON|Beckerville|2014|86|4863|4767|3028
LANGUAGE - STUDY|Billyland|2003|115|1611|3910|414
PROBABLY - AMERICAN|Freyland|2015|51|86|4740|3661
NOTICE - AS|South Yvonneshire|2011|172|3851|1889|4322
STAND - WIDE|Jenniferland|2011|377|1653|3066|1527
SPEND - PROPERTY|Cooperside|2014|47|862|1184|2996
NOTE - SMALL|Melissaland|2021|177|1700|542|635
RECENT - STUDY|East Nataliefurt|2011|415|2177|15|2980
PERFORM - CULTURAL|Lopeztown|2006|109|728|4345|1853
VALUE - SEAT|New Kimberly|2000|121|4856|3395|4437
RECENT - LEG|South Adamside|2010|457|2217|637|3164
SAVE - RACE|New Jenny|2007|469|661|3078|1326
ALREADY - END|Annettechester|2000|433|2752|1884|2445
RADIO - PROVIDE|East Cherylmouth|2015|380|3496|1710|4906
SHAKE - LINE|New Ashleyburgh|2005|496|3047|3495|2911
UP - THIRD|Tonychester|2015|369|72|1555|2111
HOUSE - MONTH|Williamsland|2017|450|3314|1351|2334
DESCRIBE - BLUE|Port Bryanshire|2015|342|1758|1028|2457
ARTIST - BILL|West Arthurfort|2006|86|4491|1513|1516
LIFE - NATURE|Mosesside|2013|457|2763|3798|3379
OVER - SIMPLE|Nataliemouth|2020|390|1906|1500|601
CONTINUE - ATTACK|North Joshuamouth|2019|311|3520|1445|2202
SET - NUMBER|West Calebtown|2017|4|610|4334|4655
HOWEVER - PRESSURE|North Angela|2013|293|1714|3473|3635
LIKELY - SENSE|Justinborough|2004|262|698|2638|3045
ADDRESS - SERIES|Mooreborough|2014|338|2289|2715|2278
BIT - REALITY|Brianchester|2016|477|4055|2453|425
ENVIRONMENT - DETERMINE|East Joelbury|2014|215|4361|3975|485
ON - SECURITY|East Larry|2012|406|4390|3923|4177
SYSTEM - SIMPLE|North Shannon|2007|113|2254|4799|3431
HUNDRED - EACH|New Cynthiachester|2018|28|375|3578|3187
LIGHT - MR|Bradleymouth|2012|395|1270|4814|3492
FIRST - COLD|Walkerhaven|2021|232|3638|3434|857
SERVE - FILL|Smithchester|2005|169|1368|3895|2638
AGAIN - BUDGET|Danielland|2001|159|4688|2751|303
BIT - MEET|Port Jimfort|2011|389|4649|1993|304
IMPORTANT - MATERIAL|Port Kayla|2000|289|2462|4258|540
PERFORM - ENOUGH|Jonathanmouth|2018|300|4426|4450|1458
LIVE - MUCH|Melissaberg|2019|44|415|1264|4860
PARTICULARLY - INDIVIDUAL|South Patrick|2012|77|1708|90|512
EASY - ROOM|Malikland|2008|185|719|3800|1787
INSTITUTION - WRITER|Shawview|2018|31|2279|1454|4459
RIGHT - BETTER|Sierraland|2014|80|3400|233|1144
WHY - WIDE|South James|2021|217|2217|1301|535
TEST - PROJECT|North Jasonborough|2021|489|1091|3510|3256
AGENT - ENTIRE|Jessetown|2010|221|667|2536|1388
EVERYBODY - SCHOOL|New Christopherborough|2000|128|1128|2480|2410
THEORY - WESTERN|Brittanyhaven|2012|233|1512|1154|2871
TRIAL - FIND|Ellismouth|2013|128|4665|750|4663
VISIT - AVAILABLE|North Robert|2002|479|2485|4363|4453
WHO - AGREEMENT|East Markview|2003|323|2674|1271|3267
THEN - CONFERENCE|Davidland|2004|448|3086|3371|866
PUBLIC - PROBABLY|Lake Rosston|2002|247|716|4310|2122
PARENT - TEND|Matthewmouth|2012|110|4630|740|2046
MUCH - WRITE|Mackview|2001|359|4083|4584|480
UNIT - BABY|Mckeeland|2019|245|2506|2013|1470
WAIT - ACTUALLY|Davidland|2016|361|4004|4651|1949
INVOLVE - DEEP|South Paul|2003|371|210|512|4818
FOOT - LESS|Roseland|2015|482|1323|2949|2223
CHOICE - ANIMAL|Jameston|2018|81|4549|668|4174
SIMPLY - MYSELF|Collintown|2006|492|1971|1897|4059
ACTIVITY - AND|Lindastad|2008|347|3020|1328|896
TREE - WIFE|Lake Emily|2009|432|1563|3071|3933
TEACH - SUCCESSFUL|Port Debbiehaven|2019|443|2797|4236|545
SENSE - PREVENT|Camposbury|2019|301|4066|589|1473
OLD - WHERE|North Samantha|2001|483|110|464|1794
PERFORMANCE - FATHER|East Michaelborough|2018|350|530|2807|860
THEY - BOX|South Gregg|2013|183|146|4506|3914
AGENT - SOMEONE|Deborahhaven|2010|156|4735|1981|3419
CLEARLY - SELL|North Dillonshire|2018|287|485|4238|3142
MANAGE - BEAT|Webbport|2008|188|4931|3407|2316
SEVEN - FACTOR|West Kellyville|2020|322|3560|1019|3240
INDEED - CLEAR|Rachelshire|2016|243|2321|2014|1305
LAY - LIGHT|Ramirezside|2009|21|4925|2276|4562
THING - OTHERS|Camachostad|2012|293|2469|4426|833
PEACE - KID|North Martha|2014|465|4343|2044|3331
HEART - CHANCE|South Leonardmouth|2007|22|3535|4132|257
ANYONE - LAND|North Trevor|2004|127|2082|1620|3362
MAGAZINE - FEDERAL|Castillomouth|2018|410|3763|1825|1534
SAFE - BECAUSE|Burnsshire|2002|241|4939|798|4670
ACCEPT - DURING|New Lori|2017|475|2765|235|2480
FINALLY - FORM|South Edwardburgh|2005|287|4953|1412|3206
DEMOCRATIC - ACCOUNT|Kennethborough|2017|228|4148|3499|1254
UP - BUDGET|North Brianahaven|2016|484|3947|426|4573
SOCIAL - WEST|Lake Helen|2013|404|765|4521|2401
LEAD - PROGRAM|Kevinstad|2013|245|1087|883|3020
AGREEMENT - WE|Phillipsland|2002|74|4210|1108|37
ROCK - AROUND|Wattsburgh|2005|480|2158|3575|4804
READ - SOLDIER|Lake Bruce|2018|281|4790|4874|368
DOWN - SOURCE|North Valerie|2018|307|1670|1056|683
COUPLE - TERM|Port Hannahstad|2005|66|4098|4335|1938
US - PROVIDE|Gordontown|2018|207|1459|2491|98
PUSH - EVERYTHING|Arthurberg|2017|284|2532|4273|3650
WOULD - SECURITY|Shawhaven|2001|162|280|4784|1797
WITHOUT - POSITION|Port Stephenmouth|2021|427|1832|4446|4515
COURSE - TALK|Josephhaven|2013|116|1664|2288|4737
STATION - LIFE|West Christine|2012|222|3316|4355|4585
DINNER - SIDE|Jasonville|2020|74|1720|367|894
POPULATION - SHOULD|South Melissa|2014|432|3647|1920|4467
FINISH - ENTIRE|New Kelly|2015|173|4728|1682|1385
STYLE - PLANT|Johnsonhaven|2013|263|1065|3884|3118
COMMON - NEVER|Haleshire|2015|288|1861|4884|2404
FOREIGN - AMOUNT|South Vicki|2012|16|2328|3213|287
ABLE - RECOGNIZE|Janemouth|2019|323|4530|1414|2318
MEETING - DECADE|Matthewhaven|2010|103|212|4044|1370
CURRENT - INDEED|Chloefurt|2002|210|1511|1973|2286
FOR - THEN|Gabrielleberg|2004|190|684|3217|2595
DECADE - TOP|North Sarah|2003|435|1263|2297|1787
NEARLY - DESIGN|Alexandraton|2009|98|2177|2553|2438
MARRIAGE - EAST|West Martha|2008|475|1209|555|3339
AGENCY - AGAINST|Alyssatown|2010|378|3057|1608|4987
DEFENSE - MANAGER|West Gregg|2008|167|3198|507|470
COMPUTER - CERTAINLY|Stonemouth|2002|42|1552|3947|4884
FOOT - RESOURCE|Stephensport|2016|440|386|2294|2281
VOICE - EASY|North Steve|2021|443|1450|1886|1954
THE - DRIVE|Lake Charles|2005|479|900|943|3802
PARTICULARLY - SUGGEST|East Barbara|2011|42|4535|3673|2892
WHOM - JOB|Katiebury|2017|478|3462|513|1876
FULL - PERFORM|Port Bradley|2002|260|4977|4554|1458
SEASON - FINAL|Phelpschester|2005|122|1291|2767|2794
LAST - QUESTION|Michelleview|2007|105|58|3519|2208
OPTION - OFFICER|New Nina|2005|500|3639|3187|3867
ANYONE - NOW|Bradleyhaven|2020|250|1411|2393|3536
INTO - MOUTH|New Troy|2000|399|3675|2037|956
HEAVY - LEADER|South Kyliechester|2020|211|172|117|618
CULTURE - ROLE|West Brendaland|2002|415|1597|1329|1585
BE - GROWTH|Clarkville|2016|185|1190|394|2348
PARENT - INDICATE|New Joeview|2009|494|2966|1980|4429
AS - SIMILAR|Colinmouth|2013|428|3736|3758|3123
EIGHT - SOMEONE|North James|2018|382|3436|1387|4277
LEFT - GREEN|Tracystad|2015|330|1245|4755|333
BUDGET - USE|North Vanessaton|2021|480|1374|1831|795
LATE - TEST|Ibarraburgh|2009|17|3468|748|1279
LATE - FINISH|North Katherine|2019|219|3833|2622|1949
WISH - RULE|Garzahaven|2008|448|2716|89|1105
SPECIFIC - WORD|East Jeffrey|2019|262|4930|1399|1591
PARTY - MAIN|Dixonfurt|2014|146|3468|1844|558
DISCOVER - PULL|Sharonmouth|2010|77|3457|2161|1574
WHEN - HERSELF|South Mason|2015|178|3911|4197|24
BOX - EARLY|Port Monica|2008|311|3302|2588|925
BABY - MAGAZINE|South Jessica|2006|308|940|1100|2074
RESPONSE - ALONE|Hendricksshire|2002|238|974|1864|4497
INSTITUTION - HER|East Ericborough|2015|488|3194|1216|4163
AMERICAN - VISIT|Danielmouth|2001|88|1015|566|1272
COLOR - CARRY|Rachelfurt|2020|499|2652|2875|3692
CAUSE - DEEP|Brockburgh|2001|459|3837|4995|3360
STATEMENT - NEARLY|Port Elizabethburgh|2016|443|624|1502|1243
PROTECT - COMMON|Kerryfurt|2001|181|3954|2298|4069
UNDERSTAND - CHARACTER|West Stephenfort|2021|8|4145|2773|402
BROTHER - LARGE|Chungview|2010|108|2665|3168|4279
PROPERTY - EACH|New Kennethtown|2020|198|1533|325|208
ELSE - POSITIVE|Brittneyton|2009|32|2618|2911|2414
ENERGY - SOCIETY|Stacymouth|2010|434|1846|1490|656
SAME - RELIGIOUS|Richardbury|2021|317|421|144|3983
MOVE - PARTICULARLY|Shannonchester|2000|461|1923|622|159
MONEY - ENVIRONMENTAL|Katherineberg|2011|422|542|895|3671
ALL - SO|Port Anthonyport|2000|287|166|3153|3588
SPRING - GUESS|South Kimberlyshire|2002|369|4869|264|2156
ACCOUNT - PLANT|North Charleschester|2009|213|2493|4905|1864
BED - AGE|Randychester|2014|277|874|3652|447
LEAD - MORE|Flynnborough|2017|220|4071|1727|600
STRATEGY - AHEAD|North Lisa|2005|158|1570|4740|4216
SET - EVER|Jenniferton|2000|253|4463|3790|3693
PRESENT - START|South Patrick|2018|88|130|1731|2469
SOMETIMES - HEAR|Angelabury|2019|6|3818|3765|1571
SPORT - DECIDE|North David|2000|187|3504|465|135
REGION - MILITARY|Johnsonbury|2005|399|519|408|891
SPACE - CARRY|East James|2002|218|2604|946|1469
HUNDRED - BUDGET|Port Jessicaland|2010|32|4705|3267|1026
PAINTING - UPON|New Ralphside|2018|439|4468|587|2744
NOT - TRIAL|Duranstad|2015|182|4808|3924|3574
MILLION - THAT|South Travisborough|2006|409|2098|465|2674
ARTIST - TEND|East Stephen|2010|369|4481|4764|4587
CHOOSE - FOCUS|North Chelseamouth|2002|255|3333|187|1888
CURRENT - OCCUR|North David|2017|6|4406|2520|2970
THOSE - EYE|South Angelica|2001|351|1416|3838|3902
EVENING - SUCH|Andreastad|2003|167|3241|1727|718
CAMERA - LETTER|Erinport|2020|342|3466|4922|4616
SCENE - POLITICAL|Parrishport|2005|143|1723|171|471
CHARGE - ONE|Bakermouth|2004|395|191|1646|4352
BEGIN - LIVE|South Belindaport|2015|379|3177|3502|1398
DECIDE - WRITE|Jennifershire|2008|354|4311|2926|3925
HOSPITAL - VERY|East Melinda|2007|186|3392|2839|121
SHARE - ADMINISTRATION|Robertmouth|2017|364|2629|4456|4883
HER - MOUTH|Lake Michaelborough|2006|196|186|4870|3449
LINE - NATURAL|New Neilland|2012|411|1657|756|1444
CONFERENCE - CHOICE|Timothychester|2014|104|4316|4281|3588
CENTURY - TURN|Gilbertfort|2021|314|1656|4080|3666
ONLY - FRONT|Justinton|2006|331|4132|4051|1506
ALLOW - ORDER|South Joshuabury|2017|232|4386|681|1045
FIRST - POOR|Levystad|2015|374|1256|4822|3712
RATE - HALF|Collinsberg|2018|350|1141|4281|1110
SIZE - RESPONSE|East Maria|2019|37|1142|186|1174
SENIOR - MAKE|South Dylantown|2007|172|2261|1354|3390
STYLE - STREET|South Anthonyshire|2017|249|3389|690|3161
PER - SUMMER|North Matthew|2018|399|4376|3335|3463
FATHER - STRATEGY|Marksport|2016|452|2483|3272|1067
FOUR - STAY|New Christopher|2015|190|1395|369|2005
MANAGEMENT - MOTHER|West Pamelachester|2009|57|3760|387|4077
THROW - MOVE|Lisabury|2004|340|924|3227|1672
ESTABLISH - THEMSELVES|Port Nicholasside|2003|254|500|4285|4189
FISH - THEN|Edwardsbury|2012|210|1816|1736|2469
OUT - BORN|New Sara|2013|308|3518|4840|1019
POPULATION - STRONG|New Ryanmouth|2007|466|3182|4497|1931
WAY - REAL|North Patriciaport|2015|41|3108|3384|4391
DETERMINE - FRONT|Whiteshire|2008|303|70|4748|3652
WHATEVER - COLD|Maynardport|2014|473|3577|4780|863
LAUGH - FLOOR|Laurenfurt|2006|440|1623|3377|801
OK - BOX|Randallborough|2010|47|4695|4273|3723
ANIMAL - YEAH|Kristinland|2008|178|3903|3025|507
RELIGIOUS - THERE|East Debrabury|2005|304|4649|1039|290
RAISE - HUNDRED|Lisafurt|2003|19|4602|1209|1289
FOCUS - INTERVIEW|Port Jennifer|2006|254|3690|525|4643
AFFECT - MILITARY|East Rachel|2002|141|1433|763|2061
SCHOOL - INDUSTRY|West Nathanhaven|2009|77|2694|3335|2077
PEACE - SAVE|Lake Joseph|2000|56|3934|3498|2483
EVENT - ELSE|Frederickberg|2005|373|2735|1765|3833
FILM - RESPOND|South Dawn|2000|180|1826|2892|4390
EVERYTHING - ANY|Leeburgh|2018|274|2056|437|4361
DECIDE - MARKET|New Jessica|2003|409|3021|4878|3173
FRIEND - PEOPLE|Pamelaburgh|2001|237|882|2475|3116
PROFESSOR - LEVEL|Jamesview|2021|123|2476|3294|1751
NEWS - PRESENT|Reyesbury|2019|382|4812|3107|807
RADIO - MIDDLE|Travisside|2021|131|3275|4550|929
BEHAVIOR - BLOOD|Choiville|2014|336|3496|4786|3129
EVERYONE - UNDERSTAND|Reneeport|2006|295|2093|1765|2753
UNDERSTAND - YOU|Wardstad|2000|84|2671|1945|482
LIVE - EDGE|Sarahview|2001|262|4173|379|194
MAGAZINE - FEEL|Port Gregoryport|2009|114|1504|4719|4763
HALF - UP|Conwayburgh|2002|356|1690|2670|4799
PARTY - ART|Michelemouth|2014|365|4746|1736|3984
BALL - THOUGH|Johnsonshire|2009|443|2115|4854|4284
ECONOMIC - QUESTION|North Wayne|2018|55|2001|2444|3846
STATEMENT - OPTION|Morrisfort|2011|305|4421|3272|1635
PICTURE - EVERYONE|New Riley|2019|460|615|223|4843
HIMSELF - FACTOR|Donnabury|2009|184|4083|1537|2379
RECOGNIZE - FRONT|Garciaville|2019|398|1479|3985|1466
TAX - GROUP|Cathyland|2011|402|4528|3442|666
NEWSPAPER - IMAGE|East Aprilfort|2021|192|1609|1235|2093
SPECIAL - INTO|South Yolanda|2001|161|3600|3862|2051
REASON - BOARD|Port Taylorshire|2019|40|4563|3266|2168
HARD - WALL|Georgefort|2012|242|1449|4848|495
RELATIONSHIP - SOURCE|Sparkstown|2016|235|4003|3033|1920
LAUGH - PHYSICAL|Campbellside|2005|404|1245|3361|3249
LEFT - EAT|East Reneeberg|2000|479|3788|224|4379
DIRECTION - DEMOCRAT|New Nicole|2004|58|1437|4383|4073
CENTRAL - REQUIRE|Osborneborough|2000|260|682|3059|2594
MIDDLE - FLOOR|New Lisashire|2009|143|3772|3546|4393
PAINTING - PLANT|West Willieport|2012|313|1354|4831|633
BEAT - PEOPLE|Jamesside|2006|320|279|793|4232
RECENTLY - WIN|Taylorshire|2004|122|2693|3359|2510
KEY - MEET|East Lawrence|2011|37|3383|3756|3250
CHECK - TECHNOLOGY|Port Jeffrey|2010|4|1640|1743|2051
HELP - TOWN|New Nicholasburgh|2016|285|3063|2405|4140
SITE - INSIDE|West Dawn|2019|114|1844|3181|60
INDICATE - RELATE|Lake Ashleyhaven|2015|133|613|4007|3843
PERSONAL - BETWEEN|Port Jameschester|2018|223|928|221|4273
WAY - RAISE|Kelliberg|2013|174|4610|644|3611
CENTURY - PRODUCE|Goodwinhaven|2017|229|1084|949|3516
OFFICER - ACTIVITY|South Elijah|2007|175|2401|935|1513
IMAGINE - GROWTH|Brownington|2018|186|3732|1428|1220
SCHOOL - MAKE|Chungmouth|2007|261|4474|1206|4731
TRAINING - TREATMENT|West Jacquelineton|2021|484|3315|695|3754
CUSTOMER - MODEL|Williamsville|2004|168|1089|2942|2300
SOCIETY - TO|Burtontown|2016|276|2998|1820|3178
FINANCIAL - READ|East Wesleybury|2016|303|3713|2176|1893
MAKE - MAY|Cameronchester|2010|212|1634|326|4727
EVER - TIME|North Leah|2005|169|2087|4075|1607
LEG - BANK|New Kelli|2019|223|4352|539|513
IMPORTANT - DRAW|Lamhaven|2005|410|573|194|2950
WATCH - HAVE|Hallmouth|2010|294|1670|1387|3500
WORD - INCLUDING|East Erik|2013|397|2095|784|4633
NATURE - DATA|West Crystalview|2008|63|52|2247|634
SIZE - BEYOND|Port Hollyton|2018|432|2821|3236|695
ACCORDING - WATCH|New Jessica|2014|231|1186|1227|1861
BUILD - LIST|New Christina|2018|282|1873|4755|1251
POLICY - SIGN|Seanborough|2011|63|3000|1305|3714
SAME - WEAR|Meganbury|2004|160|2773|2514|3540
AMOUNT - SOMETHING|Port Anthony|2005|2|3710|352|112
COMMERCIAL - FORMER|Teresahaven|2003|309|3864|4886|2804
SUMMER - YES|Bryantfort|2012|305|4379|2469|2801
CUSTOMER - FORM|Cruzview|2011|22|717|3150|2034
SEA - MEDIA|Port Dianemouth|2008|223|737|1011|3101
SEVEN - RACE|Aguilarchester|2001|13|906|3010|3613
LIKE - INTERVIEW|Martinezside|2005|18|1420|2628|1722
OFF - STANDARD|East Victorstad|2006|290|1684|1870|74
CHAIR - CHILD|South Carol|2013|466|2582|4443|3228
MOVE - POSITIVE|Stephaniefurt|2009|463|896|4861|187
OWN - IMPACT|Sanchezfurt|2007|145|3494|4509|2013
CURRENT - MENTION|Samanthachester|2001|86|4102|2004|4323
RESOURCE - IN|Kennethmouth|2006|354|4799|314|1819
HOME - WIDE|Dennisfurt|2009|34|1227|1511|1170
ABOVE - SERIES|Blairport|2012|243|769|3010|4001
QUESTION - OFTEN|Justinstad|2013|261|4814|393|4504
EASY - CRIME|Murrayberg|2008|270|1281|3115|1581
PLAN - OF|South Ruthland|2013|413|4003|1836|4168
JOB - YET|New Brittany|2020|190|4600|3649|1821
DATA - BREAK|Ortizside|2017|309|3982|1519|349
CHARGE - FOCUS|Port Tyrone|2018|356|4510|4111|48
WRITE - EARLY|Manningborough|2003|224|4284|193|2935
GUESS - ME|West Glenn|2003|390|4923|400|1488
MAJORITY - CREATE|Lopezborough|2021|129|3422|2551|4682
TREAT - MINUTE|Port Danielstad|2021|266|892|741|3015
CULTURE - EDUCATION|Port Anthonyland|2013|193|1642|473|49
MIGHT - SINCE|New Andrewhaven|2011|273|1610|4296|4477
WITHOUT - YOURSELF|Port Tylerport|2011|470|2831|1853|2300
CENTURY - ATTACK|West Bradleyborough|2012|151|2561|2205|427
BILL - TV|East Kimberly|2014|431|1620|3537|4280
DOWN - STRATEGY|Leefurt|2000|197|3404|3409|2566
ENJOY - OUR|Timothyton|2019|323|2894|4607|954
SHOULDER - RECENT|Elizabethshire|2005|153|1817|3933|4036
NEW - POPULATION|Jonesfurt|2005|281|3440|6|904
TREATMENT - TRIAL|Ryanside|2020|458|17|3231|1891
PROVE - THROW|Carsonville|2014|462|3395|3723|3318
MEDIA - GENERAL|South Anthony|2015|162|3602|2870|4994
GROUND - CHARACTER|Gravesbury|2016|237|4993|3371|268
LIKELY - ON|New Zachary|2001|93|4215|2202|4942
DEFENSE - GROW|East Michaelmouth|2021|454|1631|674|1196
THING - OFFICIAL|Nathanville|2021|352|1451|433|1921
IMPACT - TOWN|South Christopher|2000|346|589|1829|3618
CURRENT - WEEK|South Michelle|2000|50|3613|3304|3910
LEARN - PUSH|Bethbury|2005|309|949|3671|1651
INCLUDING - CHURCH|Kellerborough|2012|432|1457|2668|2187
GAME - AUTHORITY|New Zachary|2006|297|1374|1028|3196
FAST - TO|East Mariachester|2010|135|2701|2683|1265
CONFERENCE - NEWSPAPER|New Tiffany|2000|477|2244|305|1964
HAND - CHANCE|West Stephen|2015|97|1|427|576
STUDENT - THE|Morganhaven|2013|287|3288|2939|1313
BROTHER - COMPARE|North Paulborough|2007|119|1055|918|3474
SUBJECT - BAD|Meghanfort|2019|95|4257|1020|737
CAR - RECEIVE|North Jerry|2015|97|2055|4282|2491
ONE - BUY|Taylorview|2012|94|4363|691|1897
PREVENT - LETTER|Janicebury|2006|305|4584|1070|4600
MAJOR - PUBLIC|Lake Tracey|2005|256|2532|912|1511
THIS - RULE|East Williambury|2010|131|208|4752|140
DISCUSSION - WOULD|North Jamesfort|2001|360|413|3331|2835
RECEIVE - CONSIDER|Santosmouth|2020|62|1628|3290|332
MOVIE - HIS|New Sara|2015|479|258|4689|1710
RESOURCE - DEVELOPMENT|West Nancyview|2007|313|3214|2699|981
ADD - OFFICER|Port Angelaville|2019|379|762|3787|1532
A - PLACE|Mendezborough|2000|70|301|144|2979
SINGLE - HERE|Patrickberg|2004|310|1401|1827|4993
OR - MISS|Port Stevenhaven|2007|484|3906|2836|639
UP - SEA|Jonesside|2016|183|851|4703|1876
CERTAIN - ARGUE|Clarkmouth|2012|369|4306|4667|1306
EXPLAIN - CUT|Vegastad|2020|276|1151|3650|3360
SUMMER - TERM|New Luistown|2015|322|4978|1673|4778
OLD - SISTER|Burnsmouth|2006|15|332|2696|995
LIFE - GENERATION|North Albertland|2019|151|2751|1045|3215
WEAR - SPECIAL|Burtonbury|2016|172|1706|2386|1900
MAGAZINE - WORD|New Paulbury|2008|173|1264|4802|4318
LOCAL - NORTH|New Ginamouth|2009|461|2667|2577|1372
TELEVISION - ACTION|Lehaven|2014|96|521|1374|2491
RATHER - IDENTIFY|Adamshire|2015|106|287|1357|4511
PURPOSE - PLAN|Leachville|2015|10|2926|2137|1381
WOMAN - HOME|Stevensmouth|2021|7|2809|3989|4946
SAVE - LEVEL|Kimville|2013|404|1597|4533|4214
ACCOUNT - WORLD|Gonzalezburgh|2010|181|2398|3707|1670
WINDOW - VOICE|Port Jennifer|2006|356|151|134|2245
EITHER - FORCE|Debrastad|2014|212|927|3536|3607
ENTIRE - HARD|Jackland|2010|98|2110|477|2518
CAUSE - FACTOR|Karenmouth|2003|374|3490|4823|4578
INSTEAD - THROUGH|Perryhaven|2008|112|2670|4480|267
POLITICAL - PRETTY|Gayview|2015|404|797|98|1722
CHECK - HELP|New Laurie|2012|59|4846|2142|973
HAND - HER|Port Joshua|2019|250|3958|430|913
OVER - FLY|Anthonyland|2011|204|3722|732|1353
APPEAR - NOTHING|Robertsshire|2014|382|2945|636|3353
READ - AT|Hessfort|2015|427|117|2588|198
THEM - SIMPLY|North Joseside|2000|156|2033|2683|3990
UNTIL - LINE|Perrytown|2016|430|4122|398|2452
HUSBAND - SHE|Lake Lawrence|2005|403|1718|3645|4245
KEEP - MILLION|Lake Anthony|2014|341|3288|487|2356
OFTEN - IF|Garciamouth|2005|140|840|2837|112
AVOID - THREAT|Danielburgh|2005|250|2106|1095|3238
STOP - DISCUSSION|North Allen|2018|181|3161|2371|2907
VOICE - SCORE|Lake Karenbury|2001|430|3081|2927|1957
FINE - CLEARLY|Cherylview|2021|251|4774|2794|4621
SAME - DEGREE|Mackland|2015|218|4844|2520|744
NATURE - LEFT|Port Christine|2006|415|4383|3023|3895
WITHOUT - OFFICER|Lake Aprilchester|2000|245|632|811|3680
AFTER - KEEP|New Jamesstad|2016|360|2719|3611|526
RETURN - PULL|East Matthewfort|2020|376|4428|1457|3915
FEEL - DURING|South Chelsea|2000|30|2167|2804|2792
SEEK - CHANGE|Lake Maryshire|2007|83|3710|3751|3741
SURFACE - STAGE|Port Oliviastad|2021|151|4323|3212|1160
HERSELF - SIDE|West Alexburgh|2007|288|2836|482|544
MATTER - POSITION|East Justinfort|2004|268|2219|683|4302
ACCEPT - TELEVISION|Ronaldside|2018|490|2168|4359|4187
VIEW - ABOVE|Smithside|2013|433|2439|3295|599
A - DEBATE|North Jenniferburgh|2016|98|2957|115|2166
QUICKLY - MORNING|Crystalmouth|2020|195|2676|538|3126
BIT - COST|Christopherfurt|2018|375|4133|1397|3459
INDICATE - CONTINUE|Port Leslieshire|2006|414|1242|1651|294
LOCAL - AGAIN|Lake Brentland|2010|21|672|266|3740
ENTER - SKILL|New William|2020|210|290|3689|855
NUMBER - HERSELF|South Paulaport|2021|78|1272|926|2788
YARD - SEA|Charlesshire|2012|85|522|2121|2630
SOCIAL - ECONOMY|Fordburgh|2020|265|4156|4249|1591
DESIGN - THAT|Jameschester|2004|215|958|3367|4932
PARTICIPANT - REALIZE|New Susanport|2006|236|4203|1671|4779
STAY - ONLY|Jacksontown|2000|13|3707|781|4529
WHILE - SOON|Lesliechester|2006|269|2513|2040|4788
WHICH - FILL|North Brittany|2003|208|4527|2771|636
OK - SCENE|Rioston|2004|56|1622|1466|4234
INTO - TROUBLE|East Michael|2015|351|3769|4020|565
PART - INTEREST|Lake Alex|2003|101|1776|4189|1403
TWO - STREET|South Erichaven|2019|312|2659|4683|353
LOOK - SUBJECT|Sanchezport|2012|408|4480|956|454
RESOURCE - CELL|Brooksborough|2000|178|221|4828|2491
WINDOW - FOUR|East Kristinmouth|2020|257|2706|2350|1637
TONIGHT - STATEMENT|Jacobston|2018|256|4239|4323|3284
EVENING - SPACE|Duncanberg|2003|381|69|4415|1093
DETERMINE - INSIDE|Lake Erinberg|2006|260|790|360|3738
WORK - PEOPLE|New Timothy|2018|163|376|1911|3540
STATE - GET|Port Sarahview|2007|175|1642|4996|2571
WISH - PIECE|South Deannamouth|2014|277|614|3614|2003
REPRESENT - WOMAN|Alecfurt|2002|131|4093|2264|1153
COLOR - PLAYER|Greenebury|2016|443|1564|2465|929
RELATE - DISCUSS|North Patricia|2001|172|1773|924|2081
CHARGE - OFF|South Jessehaven|2008|465|1871|1499|2058
RESOURCE - WESTERN|New Keithfort|2006|435|3417|2194|128
CAN - QUALITY|South Nicoleville|2005|124|2365|3332|1501
JOB - STRONG|Rosalesbury|2003|455|221|3589|2501
OFTEN - COURT|Lake William|2006|334|2231|274|3657
TOTAL - SOURCE|East Rodneyburgh|2002|317|3498|2284|4104
MEDICAL - WEEK|East Johnathanchester|2019|155|3062|835|1341
PARTNER - DIRECTOR|Kathrynfurt|2007|35|829|4748|2616
SKIN - SO|Lesterport|2019|279|2655|1432|2973
DIFFERENCE - FREE|Port Lisa|2008|256|3284|2463|2837
BE - ANOTHER|New Kristin|2003|433|1879|2969|1686
MIDDLE - CARRY|Antonioshire|2005|276|895|4820|499
EVERY - UNTIL|South William|2001|146|1824|2384|802
BOX - FATHER|North Richard|2003|163|528|1545|4358
SCIENCE - PROTECT|Jamesside|2013|484|2686|1132|77
MYSELF - STRONG|Port Joshuaburgh|2009|314|4101|3400|4048
FIELD - PROBABLY|North Matthewchester|2000|258|2588|1663|1242
GROUP - FORCE|Lake Brenda|2001|191|3899|64|2921
AHEAD - IMAGINE|East Heiditown|2013|77|2930|1241|711
RULE - TRY|South Mikeport|2007|423|1878|1473|1741
LAY - ACT|Kathyside|2018|430|4898|2081|3319
FORMER - REFLECT|New Alexandra|2012|318|3198|635|2191
DINNER - PARENT|Lake Janetland|2013|417|1916|67|917
ABOUT - SEND|Larryhaven|2011|500|2269|1657|455
REVEAL - ANY|Loriberg|2006|285|2308|4441|864
SEEK - BY|Lake Kayla|2008|198|1053|3007|4231
RIGHT - CAN|Vanessafurt|2005|128|404|3539|2038
MINUTE - CATCH|North Catherinetown|2009|367|1055|3168|4497
BLUE - RIGHT|Amberland|2020|77|4956|2676|4577
ALMOST - STOCK|Lake Steven|2017|184|3991|2875|44
ME - FRIEND|Vincentburgh|2004|158|4025|1886|1423
CAPITAL - DETAIL|North Reginald|2009|157|1907|2399|3793
PAGE - REVEAL|Jamesberg|2014|139|1373|499|1276
FIRM - MEMORY|Port Courtneychester|2004|347|3921|3675|157
THEY - BEYOND|West Kayleeborough|2013|225|2865|4314|4275
MANAGEMENT - EVER|Davidburgh|2008|498|2839|1830|17
GROW - SOCIAL|West Lisaberg|2010|82|2344|576|4807
SOCIETY - FULL|Waltonton|2019|205|3827|1067|531
INVOLVE - WOULD|West Davidshire|2000|121|3561|1896|4660
PATTERN - LEAST|East Margaret|2014|105|4751|3377|4358
SPACE - ISSUE|Lake Andrew|2006|404|3380|1565|1687
ABLE - EXACTLY|Anthonyshire|2014|12|794|2439|2828
COURSE - PROJECT|East Michael|2018|104|3815|1426|2818
TEAM - CONTROL|Camposfurt|2019|282|3341|3364|4176
ALONE - DRUG|North Patriciatown|2003|450|2694|3458|1449
BABY - CHOOSE|Taramouth|2019|290|1776|1788|621
PAY - THAN|East Reginaborough|2018|94|3681|1120|229
TRIP - SUFFER|Lake Travis|2011|1|1007|1398|4567
SOMETHING - HOPE|West Jennifer|2003|135|4058|1409|582
DARK - LIVE|Lake Steve|2013|244|2129|3169|3530
POLICE - TONIGHT|South Christina|2002|342|479|3470|1562
LEAST - BAD|Trevorhaven|2006|326|1439|1738|4546
CHURCH - MEDICAL|Caitlinside|2013|226|4418|653|3474
ATTENTION - AGAINST|Taylorchester|2011|396|4027|2524|4965
PLAN - SIMPLY|Lake Peter|2011|149|3892|2362|1269
IMAGE - EVENT|Nguyenfurt|2020|279|2852|262|472
BOX - HAPPEN|Catherinefort|2012|255|2544|1150|2255
YEAR - KEEP|Valenzuelaborough|2001|279|74|2832|981
LET - SAY|Gibsonstad|2009|496|975|1700|609
OFFER - PATTERN|East Markside|2021|237|44|4946|4429
WOMAN - GOOD|Leside|2009|63|996|711|2011
WHO - RAISE|Osbornefurt|2009|206|4264|661|4825
ON - SAY|West Cherylberg|2015|32|3803|4233|886
LIST - USE|Port Jesusberg|2015|275|1436|2749|2219
IF - MRS|Laurenchester|2020|469|174|2793|2465
THEIR - LARGE|East Justin|2008|144|842|764|3071
IMAGINE - TIME|Lake Williamland|2007|368|1315|771|810
LEAST - IT|East Robin|2016|328|1727|4455|1294
PRODUCT - PLAY|Carrollmouth|2017|190|4299|3930|1676
LIST - OPTION|West Christinaside|2010|373|4390|1688|4391
A - AGO|Port Taylorland|2018|13|639|1520|4575
FILM - CARRY|South Patriciafort|2021|182|2191|226|2785
NOT - EXIST|Jaredshire|2006|128|4403|3725|3633
PROPERTY - ABOUT|Lake Danielchester|2012|81|1163|2548|3079
NOR - CASE|Lake Jamieton|2019|398|2911|2524|1495
SIZE - WATER|East Randall|2011|447|2806|1568|4929
CERTAIN - THEORY|Justinmouth|2018|279|1493|2422|2159
EACH - RESOURCE|Cooktown|2019|33|1861|2227|4542
ALSO - CLEARLY|New Michael|2020|33|4637|4126|3803
DURING - FACT|New Christinaville|2013|275|2124|2046|1344
GOAL - PATTERN|Port Johnathan|2018|35|1984|3596|2626
TAX - ENTER|Waltermouth|2002|230|837|753|1899
WRITE - QUALITY|Port Valerie|2008|104|922|2177|915
TRIAL - RELIGIOUS|Brittanyfort|2014|353|3681|4435|1242
THEIR - CENTER|Washingtonport|2015|62|4606|3042|2273
MUSIC - DEMOCRATIC|Jasonmouth|2016|294|3971|1076|3063
AS - DROP|North Charles|2017|127|2870|18|2647
CHOICE - CURRENT|Brownville|2012|470|2554|4856|3801
PUT - CONTAIN|West Chelsea|2010|148|4991|1693|4701
DIFFERENT - ANYTHING|North Jaredton|2021|272|1555|1388|647
SITE - EXPERIENCE|Jarvismouth|2000|174|1907|3440|3744
THREAT - FOCUS|Richardstad|2021|160|1549|3403|68
EXPECT - MIDDLE|Duffyshire|2008|165|1773|4834|1853
YOURSELF - DO|Gallowayland|2011|476|5|574|1734
READ - STUDY|Matthewhaven|2015|311|642|3740|1405
SOMEBODY - HEART|Phillipsville|2018|253|3906|1947|4656
RATHER - SIDE|Jamiehaven|2019|143|9|3934|3234
LARGE - FILM|Lake Lawrencechester|2011|352|3985|3091|809
WIN - OFFER|Darrenport|2011|233|1262|2911|3770
LEARN - FIGHT|West Garrett|2002|385|2765|4406|1188
OTHERS - RICH|South Rhonda|2015|344|2733|1135|1174
NEAR - SCHOOL|Edwardsberg|2018|383|116|1861|3479
CONTROL - RISE|Greenmouth|2014|181|2825|1418|1624
WAY - OFTEN|South Williamfurt|2017|374|822|1336|3843
RICH - HOUSE|West Stacyhaven|2009|227|3226|1504|2341
HUSBAND - US|South Meagan|2004|48|462|3122|308
EACH - EXIST|Riosview|2014|357|1685|97|1997
MAINTAIN - WRITER|North Juliemouth|2005|485|1206|4507|81
TELEVISION - VOTE|Port Jessicaland|2014|372|520|4084|3838
UP - BETTER|Tylerview|2003|471|887|391|2931
DISCOVER - VOTE|Lake Emilystad|2015|475|1815|207|3454
GUN - GUY|Maldonadochester|2003|306|4213|4829|964
SET - INVOLVE|Amyside|2006|190|3130|2111|3600
DO - ANIMAL|Ramseyland|2020|421|4805|4476|3880
WOMAN - IMPORTANT|Tammyton|2002|358|1719|4737|4813
DIFFERENT - FEEL|Josephside|2014|388|358|942|3683
YOUR - WEAR|Smithville|2009|34|2676|3996|518
SEEM - FINALLY|Kirbyborough|2009|360|4105|1522|2505
CAREER - LIKELY|Mendozaland|2018|382|3247|346|2220
MILLION - MOVIE|Grahamhaven|2000|56|4944|438|3502
ABOVE - MOVE|West Anitaport|2003|240|3966|3309|3124
RECOGNIZE - LIKELY|Pollardview|2000|57|4417|4863|1823
CAPITAL - SUFFER|North Jessicashire|2007|384|493|490|2567
NORTH - SHORT|Farrellfort|2002|259|2013|672|566
DETAIL - DESPITE|Marquezville|2005|218|1386|3548|3547
INCLUDING - WIN|Jacksonstad|2009|278|939|1373|2189
CARE - BOARD|Lyonsfort|2008|70|2184|1226|4353
FIELD - YOUNG|Nelsonburgh|2020|470|2322|4231|1085
BOX - SAFE|Port Larrystad|2018|234|1797|1920|4814
INTEREST - AUDIENCE|New Sarah|2013|399|3024|2897|1653
LANGUAGE - PRESSURE|North Ashley|2017|336|4137|1059|2590
GET - FAST|Richardchester|2020|176|452|3649|4034
SEAT - END|Lake Samantha|2015|248|2864|992|702
PRESIDENT - RAISE|Scotttown|2017|145|488|2701|359
BLUE - ITS|New Jonhaven|2005|391|3956|2142|3132
CAMERA - WONDER|South Nathanielbury|2010|249|2268|520|1581
PHYSICAL - PIECE|Port Johnfort|2021|279|3534|3132|428
MISSION - MACHINE|West Michaelshire|2014|120|4202|2849|1755
RETURN - EDGE|South Sara|2001|376|918|168|4183
CUP - SOUND|New Courtney|2009|9|3812|4490|554
DREAM - MOUTH|East Barry|2005|99|691|2012|895
CONTAIN - ALONG|Port Emily|2017|301|4183|2652|3027
GAS - WRITER|Johnsonhaven|2007|167|1309|3395|1105
SAFE - SIX|North Kellybury|2009|223|3402|1201|3721
EXACTLY - HOT|East Patriciamouth|2007|125|2724|1812|4124
OPEN - ESPECIALLY|Barbarachester|2016|436|1160|4455|3061
SPEND - CAMERA|Lake Amyfurt|2015|339|1947|1356|2408
AGE - WEEK|Millerside|2011|28|1657|1234|4385
RETURN - INTERESTING|Lake Katherinetown|2008|29|1336|2461|3066
LISTEN - USE|Lake Jessica|2003|478|4608|1791|1382
CITY - WRONG|South Jamesport|2015|352|930|20|3560
METHOD - WAIT|Kimfort|2021|210|1149|4560|4939
ACCORDING - SERVICE|Ramirezbury|2020|84|4449|218|1366
STOP - CONSIDER|Ashleyview|2005|38|1536|385|3470
EVERYONE - MARRIAGE|East Allisonburgh|2009|206|2816|1931|1464
OUT - FATHER|Davidtown|2014|382|2012|1938|1933
MACHINE - CATCH|Collinsland|2000|25|1282|4619|2606
START - BOY|Paulview|2011|35|1988|610|1935
SINCE - PM|Amandaton|2016|366|1428|2540|3682
THUS - SURE|Jessicamouth|2001|131|855|4184|2712
AFTER - EVER|North Curtischester|2014|260|3111|753|3587
WHATEVER - SECURITY|Loritown|2000|321|1765|1400|3134
FACTOR - MACHINE|East Alexanderland|2005|223|4669|246|1067
SIMPLY - HOUSE|Lake Corey|2001|368|906|4849|1508
PICTURE - REST|Matthewshire|2002|329|4562|4153|4554
INSTITUTION - RECENT|Larsonfurt|2004|87|3514|2933|2665
BIG - ONCE|East Mark|2014|160|4156|1862|3556
TOTAL - PROJECT|Edwardport|2007|191|2294|4254|2980
PHYSICAL - PAY|Jennytown|2008|29|1909|3375|392
PROFESSOR - CITY|South Curtis|2021|152|303|2124|4996
ENERGY - MIGHT|Emilyberg|2016|284|265|151|148
MODEL - LAWYER|Kingport|2020|484|4198|3730|4736
BILLION - ORGANIZATION|Williamsland|2000|296|1468|836|4510
PARTICULAR - BEAT|Lake Chasemouth|2010|94|3801|1321|2506
SINGLE - EVERY|Annburgh|2002|316|665|585|532
NETWORK - SEEM|Port Colleen|2013|127|4585|726|1509
ADD - BELIEVE|North Lindsay|2017|339|2334|2586|2085
THIS - INDICATE|Ericbury|2007|354|3720|367|3598
WEST - MUSIC|South Cory|2021|381|356|3943|1225
SECTION - SPACE|Martinburgh|2004|215|4573|4831|1859
BOY - KNOWLEDGE|East Todd|2021|265|2530|3652|3757
MORE - PARENT|Colontown|2012|371|3069|2317|141
DEEP - CONTROL|West Julia|2000|150|4739|401|4802
LARGE - LANGUAGE|South Beth|2015|236|2538|4836|3607
VARIOUS - AGENT|South Lauraview|2007|432|972|709|4974
WHOM - PREVENT|South Jessicaberg|2002|381|780|1346|2068
MOUTH - BED|Brianstad|2016|408|4814|218|4894
BOTH - GET|Austinland|2010|276|4345|4400|4235
SOON - MEDIA|Wrightville|2004|280|527|412|3057
GAME - LAND|West John|2011|193|3651|662|3689
FOOT - DINNER|Lake Patriciaport|2006|480|961|2340|4823
STANDARD - SCENE|Port Curtis|2008|61|1072|726|4846
ADMINISTRATION - FILL|New Saraberg|2000|63|1202|3407|5
GOAL - DATA|Scottmouth|2016|455|108|4314|631
REVEAL - ADD|South Steven|2006|11|4010|2613|1212
READY - HAND|Lake Austin|2000|206|2571|552|778
MATERIAL - POINT|Port Austinburgh|2018|59|1228|1852|2050
WRITER - SONG|Port Heather|2008|69|1257|4597|1499
WALK - CONTINUE|Gregoryborough|2014|164|2935|1574|1898
SUCCESS - STOP|Lake Hannah|2005|245|3637|241|2522
FINAL - GIVE|Larrybury|2017|443|216|4132|2006
POINT - HISTORY|Smithburgh|2018|263|2414|1603|1899
BEAT - SIMPLE|Hugheston|2014|70|2821|2645|211
EXPERT - PERSONAL|Port Thomasstad|2016|40|3504|136|4342
PROJECT - CALL|South Daniel|2014|251|3045|4321|4134
ROCK - WATER|Richmondview|2003|256|2943|3957|1002
IMAGE - DISCUSSION|Garciamouth|2009|73|2291|3908|1033
GUY - OWNER|Davidsonton|2000|98|632|3158|3474
PEACE - HELP|Hensonside|2010|361|4370|2522|888
REGION - FIRST|Travischester|2016|140|3290|3459|3443
MR - NO|Kennedyfort|2008|239|2321|929|2658
RECOGNIZE - WANT|New Grantmouth|2021|195|3093|1047|2672
WONDER - BUILD|Port Alyssa|2020|379|3208|1284|1282
SAVE - LOT|East Stephaniestad|2018|281|2703|4108|2241
INDUSTRY - THEY|Allenview|2001|155|1307|4139|2217
GROUP - LITTLE|Cookchester|2012|113|939|2460|4327
YOUR - PRODUCT|Port Stacy|2006|159|4391|98|790
CUP - MOVEMENT|Jenniferport|2007|13|772|4457|3338
THESE - SPEAK|East Debbie|2021|127|1794|533|4965
EVIDENCE - LIFE|Jamesmouth|2009|219|4636|2400|4878
FIGURE - LESS|Evansborough|2007|137|304|2000|4969
TREATMENT - BEGIN|East Jackie|2007|210|4712|3364|2044
TECHNOLOGY - LEVEL|Everettfort|2004|154|3064|2743|1716
PRODUCT - PERSON|Tiffanyview|2003|83|266|2310|3954
THAT - SAFE|Port Maryfort|2016|409|2612|4643|19
AGENCY - PART|Palmermouth|2020|1|2544|2361|177
RANGE - NATIONAL|Reedshire|2005|439|1845|3827|262
PATTERN - MEDIA|New Sherri|2006|62|4044|2348|3557
ANY - AGENT|Moyerstad|2010|398|2300|4532|440
REACH - CELL|Williamstad|2014|387|4875|661|656
ACCEPT - YARD|Lake Jennifer|2010|275|1536|2419|4933
HUNDRED - CAUSE|Ryanville|2016|281|4245|4074|2787
FILL - EXACTLY|Port Stevenmouth|2013|390|2971|1506|3470
NICE - SCHOOL|West Heatherfort|2009|156|2803|4424|3914
SAME - WAIT|Port Sarahton|2006|352|3323|534|3842
MOMENT - PRACTICE|Smithville|2003|276|186|2562|1695
INTEREST - CLOSE|New Philiphaven|2008|156|3488|701|939
REMEMBER - INTERNATIONAL|Obrienborough|2021|70|153|1491|3881
AWAY - LET|Lake Michaelmouth|2005|63|153|4540|2958
ACTUALLY - IMPACT|Joannachester|2005|75|1349|456|3700
CONTAIN - FILM|Port Christopher|2008|94|2026|2504|1929
STAFF - DIFFERENT|West Tiffany|2004|351|324|3452|4229
GREAT - PARTICULAR|New Brady|2003|378|4934|2567|56
THEM - PARTY|Port Sherry|2014|40|1611|2139|1660
FOR - SCHOOL|East Hayden|2004|227|2360|735|4120
SIMPLY - CHANGE|East Denisemouth|2015|269|1790|1348|2700
ENJOY - HOSPITAL|Samuelmouth|2005|365|2216|1774|1823
GROUND - WIDE|Walkerhaven|2010|99|46|169|3659
FUTURE - MATTER|North Ashley|2001|499|3475|36|2488
HOWEVER - TREATMENT|Ginaside|2009|348|2594|4398|2963
MIGHT - REPRESENT|South Mario|2018|105|3477|4562|1403
AUTHOR - STYLE|Gonzalezmouth|2008|53|333|938|663
ANSWER - FISH|South Matthewstad|2021|439|1874|1304|3130
MEMBER - THE|Billyport|2011|331|1052|2661|2045
EAT - HIT|Kennethchester|2008|60|1533|3271|378
NORTH - OUR|Port Kimberlyshire|2016|248|2836|1395|3401
ACT - FIRST|Meredithland|2021|239|2179|1403|2507
PREVENT - HEAD|Kennedyfort|2019|412|4352|4080|764
MIDDLE - LATE|Danieltown|2013|363|4250|4959|295
USE - SCIENCE|Jerryfort|2015|145|964|2695|650
REALIZE - POINT|West Blakefurt|2016|123|3582|610|116
AFFECT - MEDICAL|Josephchester|2007|370|4231|485|1440
MAYBE - CURRENT|Port Michael|2018|82|1675|4047|256
LARGE - AUDIENCE|West Margaret|2012|98|4405|3195|3052
VERY - STUDENT|Lake Lisa|2001|35|2622|3346|3158
YARD - BUILD|Sydneyhaven|2003|492|1145|4853|2068
ROLE - NOW|West Danielleton|2016|456|38|3210|1968
HEALTH - DRUG|Thomasview|2004|207|2266|4778|4771
THIRD - THAN|South Julie|2016|82|4213|408|1557
DESPITE - CONFERENCE|Carolynton|2009|427|2084|4230|3569
FIELD - PARTICIPANT|Harrisburgh|2007|247|3456|3089|1229
IDEA - CATCH|Ginabury|2000|61|470|86|1176
DETERMINE - TONIGHT|West Ronald|2003|24|3736|3395|3263
POPULATION - ELECTION|Joeton|2019|426|2672|342|198
ONTO - INDICATE|North Jackville|2019|481|1516|2909|1831
EASY - BUILD|Wheelermouth|2002|371|1439|3089|3438
RECENT - CONTROL|Natashamouth|2021|440|2182|1106|2684
ENTIRE - DISCOVER|Tracyville|2008|272|3796|1909|914
MIGHT - TREE|Mariabury|2014|373|3638|2591|4193
WHEN - LEAD|Jacquelinemouth|2008|82|3237|1067|1245
DO - READ|Hansenberg|2017|48|4618|1629|2238
ACTUALLY - LOOK|North Derrickshire|2012|211|1238|3650|3612
AHEAD - OFFICER|Josephland|2009|66|4807|4012|486
HOUR - LIST|Robertsville|2016|63|2385|3456|188
OUT - WORK|Williamsburgh|2013|87|2460|3212|3975
NOTE - POOR|North Kevin|2008|223|4111|544|2865
PUBLIC - WHITE|Lake Jamesshire|2014|220|2271|4501|3914
EXIST - COLLEGE|Port Heatherburgh|2013|134|1671|3250|4943
CAREER - TECHNOLOGY|Jessicastad|2010|202|1893|143|3319
MODERN - CENTRAL|Maldonadofurt|2016|330|1730|668|3359
CHOOSE - DIFFERENT|Philiptown|2002|397|4829|3961|411
FROM - PAPER|Duncanstad|2009|27|2068|937|757
ROAD - EDUCATION|Micheleville|2012|344|4331|4827|1219
PAGE - WHAT|Donnafurt|2006|232|1596|2283|3260
RISK - AREA|Port Lisaborough|2005|156|843|2245|3471
GLASS - HAND|Port Edward|2020|170|4283|4248|4916
MAYBE - OWN|West Wyatt|2007|97|4911|4612|1936
OIL - HEAR|Maytown|2015|239|468|209|1436
REMAIN - ABLE|East William|2021|52|2271|3146|4812
NECESSARY - CAN|West Michaelville|2010|314|3642|3472|1121
SHE - WOULD|West Jeffrey|2001|359|2857|3100|2939
JOIN - PRODUCE|Alexshire|2015|278|4894|2464|593
HOME - ALLOW|New Christian|2013|194|363|4065|4475
HELP - MODEL|Port Carlton|2010|256|401|1943|1799
ADMIT - WORKER|New Michael|2002|117|897|2782|3960
NEARLY - DESIGN|East Dennismouth|2007|277|3036|104|917
MUST - GIRL|West Staceyville|2012|354|2528|1210|1944
IDEA - CONTAIN|East Christine|2004|468|3282|4280|1721
PAGE - WITHIN|Lake Michaeltown|2000|468|1049|3017|4976
FIRM - SHE|West Victoria|2021|349|454|4309|1489
HAPPEN - EYE|South Andrewville|2019|313|1606|2285|1790
ACROSS - DRUG|Chandlerhaven|2018|404|2455|3623|693
BABY - SUCH|East Natalie|2013|457|495|2717|2611
ATTACK - TURN|East Jasmineburgh|2019|319|573|1730|3174
AUDIENCE - CONTINUE|South Amberview|2006|477|4384|4542|1666
COMPANY - FOCUS|Port Jordan|2010|439|3971|1966|2205
TRIP - DEEP|South Mary|2015|97|4731|2110|2956
AMONG - PURPOSE|Juanview|2016|103|1085|149|2590
CHOOSE - NIGHT|Brockberg|2003|8|3763|457|3792
GOAL - DIFFERENT|Kimbury|2020|499|41|4684|4672
OPERATION - SISTER|North Jennifer|2009|345|2942|3450|670
PARTNER - ADULT|Port Markborough|2019|163|1560|3365|2188
CUP - RANGE|Port Austin|2011|305|838|3421|4665
ON - OUR|Kennethmouth|2003|223|1433|565|4680
LIFE - FIRST|Michelleland|2007|68|1118|3412|4763
PASS - BENEFIT|Ramirezbury|2003|370|4658|115|1949
ONCE - TREAT|East Carlshire|2011|397|3813|3852|2205
YEAH - AVAILABLE|West Brittany|2010|307|330|3842|706
BEAUTIFUL - COLLECTION|Bateston|2014|368|2727|471|4520
PROVE - RESPOND|Craigport|2007|59|1643|1640|4512
CUP - HOUSE|South Megan|2012|110|818|391|3201
WIDE - CARD|Gloriaborough|2000|355|1838|1285|953
BEAT - ALONG|Adamsville|2002|258|1037|4905|1184
THIS - ALTHOUGH|North Nancy|2019|404|4246|3206|462
ASK - EACH|East Cynthiachester|2007|217|2455|2987|3648
INSTEAD - TELL|New Kaylashire|2005|100|4190|1906|1657
THING - IF|New Jerry|2004|120|4381|4366|3497
FORMER - DAUGHTER|Brownburgh|2008|316|4429|1481|2201
YOURSELF - DROP|Shelbyport|2003|30|4140|2599|1318
CHARACTER - GOVERNMENT|Port Patrickview|2018|169|3101|1507|4512
FOLLOW - ROCK|South Brett|2010|402|1942|1466|2817
SURFACE - NAME|New Andrew|2012|290|3910|2591|4638
US - KID|Carlsonberg|2007|154|3822|549|4330
TOP - ROCK|West Sylvia|2000|45|2568|4004|4972
TERM - THOUGHT|East Travis|2005|392|3657|2833|3488
COVER - FORMER|New Adam|2001|372|2671|705|3929
WHEN - NEAR|Jenniferland|2014|306|196|2666|4349
NOTHING - INVOLVE|Haynesmouth|2012|446|4449|2755|4706
LEG - TOWN|North Michael|2017|465|918|2808|1882
HOUR - MRS|Port Robinside|2009|292|3318|2626|1148
GAS - MAJORITY|Clarkmouth|2012|120|4095|1749|4681
MINUTE - PRACTICE|East Theresaton|2015|160|2002|4163|4710
PERSONAL - SENSE|North Patrick|2015|195|1045|291|1462
AGENCY - SECTION|South Amyshire|2020|388|2782|30|2487
MAGAZINE - REACH|New James|2006|168|4979|3466|2220
ANIMAL - LATER|Christineville|2013|385|2503|1192|4532
EXPERIENCE - CAMPAIGN|Joneston|2010|62|2684|2239|2942
OFFICIAL - PLACE|Port Matthewberg|2004|274|4496|2611|2974
PAPER - TROUBLE|Hansenfort|2016|77|2850|507|1871
POSITIVE - TRUTH|South Nathaniel|2018|37|2179|4364|1052
ACROSS - ABOVE|Murrayfurt|2007|83|2805|4880|4451
HOTEL - CONSUMER|Port Lisaville|2005|167|2216|2795|1051
HIGH - BED|East Joshuaside|2005|402|4975|4649|4179
INDEED - CHARACTER|Dicksonstad|2000|62|1438|4666|3099
HUMAN - ROCK|West Kathryn|2016|446|920|1314|3238
WHO - VISIT|Knoxhaven|2018|80|824|2034|819
AMOUNT - BOOK|Lake Garymouth|2001|343|2850|2238|1334
INDUSTRY - GROW|Claytonbury|2000|313|496|3738|3175
FINISH - JUST|South Paulstad|2017|455|4485|3292|849
YET - LOSE|New Samanthaberg|2002|168|1352|1118|3049
INVOLVE - THAT|West George|2002|321|1273|1182|2963
WAR - RESEARCH|West Aaronview|2011|438|3497|2697|4939
THEIR - POINT|Wilsonport|2019|190|4219|3428|3347
INTERESTING - INFORMATION|East Cody|2016|347|1893|2499|4169
POSSIBLE - CONDITION|East Rebeccaview|2004|58|1251|4258|514
EVERYTHING - SOMEONE|Mariostad|2019|61|4521|801|1504
BOTH - PRODUCT|Weaverchester|2010|390|4889|2417|150
SAY - COULD|Johnberg|2011|313|2720|2404|2713
SPRING - SHAKE|Nicolaschester|2009|306|4326|4444|1645
BOTH - YET|Christopherfurt|2014|276|1385|3412|4107
TRUE - MODEL|Benjaminfort|2001|364|455|4483|865
FORGET - SURFACE|Lake Christine|2006|426|776|976|2748
BOY - WAY|Campbellborough|2000|113|10|3214|2346
CULTURAL - SPEAK|Michaelstad|2017|249|3453|1061|1208
EVENING - TRIAL|Lake Davidland|2010|245|4558|2438|2497
SCORE - OWNER|New Alanhaven|2003|137|74|3083|3476
SCORE - SENSE|East Rebecca|2006|425|2121|1202|2863
CAR - CULTURAL|Gonzalezside|2016|317|1518|509|3958
RACE - FOCUS|North Angel|2001|121|2591|2423|1219
STRATEGY - SERVE|Cookmouth|2003|110|2983|2684|4615
WALL - SMALL|West Joshua|2000|463|1829|1591|3572
VOTE - PERHAPS|North Ronaldchester|2016|311|1087|1879|2128
TWO - CASE|Tinahaven|2008|4|2962|1265|554
FEW - INDEED|North Deannastad|2003|428|1447|4158|4605
HIGH - ROCK|Garciaton|2011|297|2062|200|4872
YOUR - DECADE|North Stefaniehaven|2014|303|4396|1098|1077
PEACE - PULL|Lake Shannonhaven|2008|371|4836|2554|950
WONDER - FORCE|Martinezmouth|2018|332|935|2792|2890
WORLD - BAG|New Mindy|2001|116|709|888|1387
BALL - MY|Amandaport|2020|342|633|21|3915
STEP - HIT|Melissaville|2016|231|4207|3639|1645
WEST - SERIES|Port Karen|2012|292|912|3564|4097
THINK - ALLOW|South Scott|2020|301|4197|1378|505
TASK - CLASS|Laurenbury|2000|163|71|571|4269
CONGRESS - LOW|Yvonnefurt|2003|481|3204|3079|1474
MAYBE - AGENT|North Angela|2014|45|157|1524|1883
SOLDIER - SUPPORT|Amberview|2000|16|344|416|1675
THINK - FOR|Allenberg|2015|382|545|2565|3392
BODY - AGENCY|Lake Savannah|2019|420|2368|2122|4797
SPEAK - BEST|Lake Ian|2010|346|4749|2864|2290
QUALITY - AMERICAN|Davidfort|2001|281|4413|188|3524
WHAT - HEART|Millerchester|2009|296|4926|1013|1174
SERIES - BODY|North Brandyville|2013|379|937|3120|1312
COLD - YEAH|Bradyport|2019|91|2520|4028|2413
EASY - HALF|Younghaven|2018|462|262|2378|3401
MUST - BUSINESS|Eileenview|2006|107|1509|2566|839
FACT - AIR|Jesseberg|2013|463|991|1491|1600
MATERIAL - OFTEN|Lake Angelaside|2011|138|1667|1613|1015
PARENT - NIGHT|Lake Colinport|2003|371|4216|3605|3366
WATER - ANOTHER|Port Ericside|2011|400|2476|691|4645
ALREADY - FILL|Chentown|2015|151|4940|4667|2168
WHO - WHICH|Kathleenside|2005|389|4712|163|1523
GROUP - TO|Rodgersbury|2013|171|2428|2312|1482
BUY - SURE|North Ryan|2000|499|782|1406|3642
PRODUCE - AND|Danielton|2011|447|4874|886|3154
RATHER - AND|Nelsonmouth|2020|440|1907|2956|1744
BEFORE - SUGGEST|Nancyville|2019|222|3344|4065|4681
ESPECIALLY - HAPPY|West Elizabethland|2014|264|2905|4637|371
ADD - CLOSE|Whiteton|2012|42|4680|1453|2390
THERE - INVESTMENT|Grayville|2019|418|1804|4467|406
SEAT - NOT|South Staceystad|2014|175|150|481|2520
ARTICLE - PROPERTY|Natashahaven|2020|39|1521|450|4547
WHERE - SUBJECT|Middletonmouth|2011|233|1008|332|2375
PERSONAL - TODAY|Lake Spencerborough|2000|260|3257|2188|2948
PROTECT - WRITER|Lake Louismouth|2014|433|2693|2397|1717
BIG - WORKER|Haynesfurt|2013|87|3495|375|46
PERHAPS - SERIOUS|Port David|2012|481|1118|4983|1562
SIDE - LOW|East Morganfort|2009|359|128|493|1313
SOURCE - HAIR|Williamfort|2009|445|1462|764|3637
THUS - LAUGH|Powellshire|2016|468|746|3199|4124
HOUSE - HUSBAND|Toddborough|2005|70|2574|4714|4103
CONSIDER - STAGE|Shelbymouth|2002|124|3204|20|3151
COMMON - UPON|Melanieshire|2000|371|2914|65|3205
MR - MATERIAL|South Laurabury|2017|290|3659|4601|4174
IF - FEDERAL|West Leroy|2006|486|2373|1746|3927
MACHINE - YES|Lake Yvonnemouth|2015|14|805|1046|3159
MUSIC - QUITE|Port Mark|2000|431|4897|2958|1983
BEAT - CANDIDATE|Johnstonbury|2021|243|3024|4248|1595
UPON - NEARLY|Port Stephanieland|2011|97|4029|3880|371
AGENCY - HOUSE|Burtonbury|2013|98|3870|1508|3464
KITCHEN - REGION|Heatherhaven|2012|450|2354|2111|2575
MYSELF - FORCE|New Angela|2016|359|107|680|413
EXIST - GROUND|Michaeltown|2018|109|2693|4830|506
CONCERN - LOOK|New Tracy|2018|226|2338|1357|4971
AGENT - I|Guerreroview|2020|325|2201|1619|3197
IMPORTANT - PERFORMANCE|Port Matthew|2021|145|2870|4739|3520
COUNTRY - NUMBER|Lake Timothy|2010|60|3407|2330|3137
BRING - ANY|Vincentside|2020|166|3847|4308|3773
GROW - MAKE|Port Samantha|2021|321|934|3892|1130
WEEK - MINUTE|North Marychester|2010|376|4457|3030|3990
LEAVE - RISE|Daychester|2011|273|2994|2627|1769
WORKER - PAGE|Gloriaside|2004|241|2275|274|1623
REST - WHETHER|South Charles|2000|269|2024|1777|4017
SO - PARENT|Mooretown|2015|303|4858|819|3466
MRS - HAPPY|Harperton|2000|107|171|4200|779
WONDER - BUDGET|North Ann|2014|341|4665|1521|769
BASE - MY|South Michelle|2014|276|659|2237|1636
SOURCE - MOVIE|Lake Jamesview|2003|96|4386|908|66
REMAIN - MRS|South Billyburgh|2016|91|3111|1926|3738
CLEAR - COLD|Riveraborough|2003|342|2835|2875|2938
ACROSS - RISK|Nicholasmouth|2001|21|2114|4738|4479
WEST - MODERN|Heatherview|2012|138|1168|1063|2472
RADIO - ANALYSIS|Port Jenniferstad|2003|299|4690|1871|5
JOIN - CRIME|South Williamberg|2002|176|2282|2781|4567
BETTER - ALONE|Port Debra|2016|185|4661|1986|1500
POSITIVE - AMONG|Evansside|2006|448|4781|3692|2425
BE - PARTICIPANT|South Keith|2010|472|660|1619|1605
ADD - WOULD|Sanchezborough|2008|451|3876|4478|1922
PAST - MOMENT|North Jamesborough|2016|474|2152|4559|2895
OFF - HOSPITAL|East Joseph|2020|8|881|4372|239
AMONG - WAY|Rogerburgh|2019|255|1172|3161|2355
HER - BUSINESS|North Amy|2016|396|4723|1130|1667
REPUBLICAN - FORMER|New Timothy|2014|164|2230|981|819
ON - PERHAPS|Roweton|2016|318|2000|2438|469
OFFER - ENVIRONMENTAL|South Gina|2016|213|3586|4930|3396
WE - MAY|Joshuatown|2002|262|1514|2489|1251
RADIO - BUILD|Port Ricardo|2010|257|3193|900|2362
WHETHER - TIME|Lake Robinside|2006|402|4674|844|2268
THROUGHOUT - NOW|South Brittanyhaven|2001|79|405|3527|3535
NEW - PARTNER|South Jessicaborough|2020|13|4580|3708|4299
PRETTY - CUP|New Tiffany|2018|65|629|336|4318
FIRM - TURN|New Mark|2006|299|3522|2964|3436
ACCOUNT - BEYOND|Rachelchester|2008|347|3228|2872|2086
KEEP - NEVER|West Jonathanville|2001|318|4247|3653|3937
TOO - AVAILABLE|North William|2021|311|2482|2365|2260
STRATEGY - ALSO|Lake Ashley|2016|166|171|1480|3898
FIRE - DRUG|Port Bradleychester|2003|125|2057|515|3141
CLOSE - HEART|Nicholasmouth|2004|88|683|3445|4993
WITHOUT - SECTION|Port Kimberly|2015|75|604|3266|2855
IN - CARRY|Josephport|2008|185|440|2757|3921
MAY - EXPERT|New Keith|2009|249|4837|1928|4763
SIZE - RACE|Dawnside|2009|235|2961|465|3862
SOMETIMES - REPUBLICAN|Emilyland|2010|20|2645|1616|4341
FOREIGN - STATEMENT|Kendramouth|2020|84|431|3075|337
MR - CAUSE|Lukeview|2019|314|4694|1142|4368
ALSO - PLANT|Santanamouth|2020|223|117|1826|3741
OWN - REFLECT|Cooperview|2005|443|525|2767|193
FACT - FEAR|Ashleytown|2006|29|1417|2050|1008
SKILL - CONSIDER|Port Jamesburgh|2005|229|4525|3456|3654
BAG - SECTION|Port Danielle|2018|273|1400|1018|704
MAN - THOUGHT|New Kimberlyshire|2004|413|40|3038|2446
QUALITY - TOO|New Danielburgh|2010|293|2174|4294|3460
PLAYER - TRUTH|Jacksonfurt|2006|444|1578|3925|2406
IMPORTANT - SCORE|Charlesfurt|2019|317|250|4112|440
DIFFERENCE - MENTION|West Kristinestad|2017|221|60|3377|539
MEET - EVERY|North Jonathan|2016|190|187|538|9
SOMEBODY - BUT|Lake Leslie|2007|162|2626|1410|2653
PLANT - SMALL|South Julia|2021|471|444|3908|3089
SEVEN - CHURCH|New Elizabeth|2020|34|1937|1247|3792
EITHER - DOCTOR|Michaelburgh|2019|216|857|2004|4641
HAPPEN - SERIOUS|North Ericport|2013|200|841|999|545
CARRY - REFLECT|Katherineberg|2018|210|3295|2907|318
SEVERAL - DRAW|North Kylemouth|2020|71|2998|4655|3604
COLLEGE - VISIT|New Lindaport|2000|452|3000|982|726
SUMMER - SUCH|South Kimberlyville|2016|299|4309|4225|486
PREPARE - OUTSIDE|New Amanda|2008|93|2353|1275|1745
CARRY - STATION|New Richardport|2010|323|696|1112|961
