FRIEND - SING|Howardton|2019|13|3835|3085|452
EYE - ANALYSIS|Port Miguel|2006|452|197|828|1876
GO - INVOLVE|West Kellyview|2010|270|3192|3839|2272
BE - CHECK|Saraside|2011|310|1711|4461|488
GROUND - ARGUE|Hawkinsfurt|2020|4|569|1143|1305
I - FOR|Port Joshua|2002|84|4413|2173|4972
TECHNOLOGY - YOUNG|Andrewsshire|2010|253|973|2590|2641
WITHOUT - FISH|Port Jasonport|2020|498|28|3754|1942
TWO - PREVENT|Patrickmouth|2005|61|1853|1495|1139
SHOW - MIND|Taylorfurt|2014|137|624|3390|3433
ARTIST - AFTER|Port Rebecca|2002|34|1048|2506|1643
CAREER - COURSE|Barberchester|2021|364|902|4169|2699
MAJOR - EITHER|Matthewside|2018|78|3327|1276|929
WORK - LESS|North Theresafort|2002|75|2472|866|1934
BLUE - PRODUCE|Rickyburgh|2019|22|1248|1036|3826
ESPECIALLY - RATHER|South Kathyland|2008|320|4612|3944|4654
HOSPITAL - LIVE|Meganland|2016|499|1362|2472|4030
PARTICULAR - STRUCTURE|Elizabethfurt|2006|201|1297|1958|1697
EITHER - DETAIL|West Samuelmouth|2003|424|3637|176|954
INDUSTRY - BANK|Davidhaven|2015|93|918|3663|3338
BEFORE - SKILL|Floresburgh|2021|422|1254|2263|3470
ATTORNEY - RECEIVE|Floresborough|2021|214|4339|3207|173
MAYBE - REPORT|Lake Antonio|2014|179|3336|2650|408
MUST - QUITE|North Davidfort|2018|201|4521|560|1521
NOW - MEDIA|Alfredmouth|2008|390|4939|4646|1284
APPROACH - BE|Smithside|2017|305|220|281|285
PUT - TRADE|New Raven|2015|404|803|2714|3
VARIOUS - STATEMENT|Melodystad|2011|99|3011|4120|2029
AUTHORITY - FORWARD|Frankside|2001|80|3977|4131|4145
HOSPITAL - PRODUCTION|Hayesmouth|2017|490|1928|792|2869
SCIENCE - PUSH|Bartlettview|2016|283|630|3000|2391
SCHOOL - YOUR|Lake Sandra|2016|422|4508|4139|1678
PRETTY - PUT|North Rachelhaven|2007|100|1776|718|209
NOT - THEORY|West Matthew|2008|339|4683|3711|1258
MARKET - RATHER|Kathyton|2015|376|297|4460|4546
MISS - EXAMPLE|West Nicolechester|2012|425|3239|3467|2361
BENEFIT - FINISH|Port Lisa|2014|335|590|2004|3134
BETTER - BACK|South Richardton|2013|348|2297|401|1702
EXECUTIVE - LISTEN|Hayeshaven|2017|176|4605|2307|1997
FACT - POLICY|South Sylviastad|2007|499|1632|3892|1890
ANALYSIS - TABLE|Lake Priscilla|2011|461|1407|2631|1748
FUTURE - CAN|Bondshire|2010|446|4715|1211|86
FEW - MESSAGE|Lisaview|2007|105|3480|1845|1188
LAWYER - MAJOR|Lake Shaneshire|2009|340|4111|3709|110
ANALYSIS - ACTION|Willisside|2008|497|4359|283|3663
ACCORDING - DROP|Brianhaven|2010|209|2090|4369|1539
SCORE - ARTIST|East Timothyfort|2010|492|366|17|4594
BANK - STOCK|West Amy|2016|243|28|70|1980
PATTERN - ASSUME|Jerryland|2012|428|462|1948|2179
BEAT - BAG|Williamstad|2008|260|2276|4457|1252
ANYTHING - ACT|Port Roberthaven|2002|407|2558|1321|4383
OFFER - LEG|West Michaelmouth|2019|11|3542|2908|1908
INSIDE - SING|South Matthewmouth|2004|233|736|601|1564
CENTRAL - UNDER|Lake Rachelside|2012|463|1263|798|643
COMMUNITY - MIND|Brownmouth|2010|441|719|249|1057
PAINTING - GOOD|East Roger|2004|382|2203|3487|1608
SPEAK - ESPECIALLY|Valdezburgh|2011|185|85|2587|1933
THAN - WHITE|East Lindaport|2006|464|1757|3581|144
ACCEPT - CAUSE|Chenside|2010|159|341|2922|1663
SUBJECT - HOME|Jordanhaven|2005|236|1901|4843|3144
DISCUSSION - SHE|Port Stephenberg|2004|72|2247|2631|988
OLD - HOTEL|Lake Nicholastown|2009|168|2099|1618|1948
SUBJECT - STATION|Karenberg|2009|8|3764|1220|3450
WESTERN - SCIENCE|Lake Jamieside|2018|237|2829|3708|864
LOT - COLLECTION|Boothland|2009|279|657|290|1809
MOMENT - DEEP|Williamsview|2013|388|1392|3506|3092
DESCRIBE - SUFFER|Webbfurt|2021|435|4915|4282|3136
EXACTLY - NEWSPAPER|New Michael|2009|435|1782|4135|3606
WESTERN - FINISH|Quinnmouth|2007|11|2019|4448|3977
ALSO - THOUGHT|Gravesfort|2007|455|3686|639|3154
BEHIND - GOOD|West Christina|2014|150|2978|4115|1361
NEWS - PUBLIC|Lake Spencer|2008|10|4133|185|4751
ANALYSIS - CARE|Lake Sandrastad|2017|55|3499|247|866
BED - TEST|Cindyfort|2009|174|1710|1541|2607
ME - REFLECT|Davidland|2021|298|1530|950|3349
IT - THEY|Sarahton|2010|163|4430|472|4700
MATERIAL - WHAT|Port Michaelfurt|2020|256|4321|2801|1783
BANK - TASK|East Maria|2004|59|2649|1225|1045
TO - SYSTEM|Carlosmouth|2012|286|2351|595|1570
COMMUNITY - BOARD|Port Mark|2013|463|1641|4465|3596
THIRD - TEST|South Kevinborough|2021|432|1728|3226|4328
ITS - HERE|Port Jeffreyton|2015|36|1143|195|2975
WELL - ARGUE|Ballburgh|2013|240|1057|352|3289
SERIES - HOPE|Nicholaston|2007|129|3338|2456|4485
CULTURE - FACE|Gonzalezshire|2000|66|3930|3701|1239
CITIZEN - SOMEONE|Millerberg|2016|374|3781|244|1026
RISK - PROVE|North Kimberlychester|2016|405|3368|1400|4378
DOOR - PRESENT|Hoffmanside|2002|375|814|4717|912
BOX - HIGH|Carrilloshire|2018|143|4341|3492|3588
AS - THROUGHOUT|New Chelsea|2021|325|130|2688|4568
EXACTLY - RESPONSIBILITY|Margaretchester|2011|10|2258|828|3241
HUNDRED - CASE|North Alberthaven|2011|490|1726|1805|236
ALL - ANYTHING|West Kristin|2003|354|3975|2858|2716
MANY - COLLEGE|North Emilyside|2004|253|2066|2619|3545
PLANT - WAR|Lake Vanessashire|2005|242|2569|1508|1270
RICH - EITHER|East Warren|2015|339|2778|1710|1162
WRONG - INSTEAD|West Michael|2019|239|4213|474|2755
INDEED - WALK|Raymondtown|2012|284|2117|3068|335
TERM - NATURE|Moorehaven|2018|54|3669|3185|1148
BLACK - HIGH|North Jenniferhaven|2010|168|3243|2316|4686
OFFER - PROPERTY|South Tammy|2017|44|4215|399|3918
MAINTAIN - PURPOSE|Holtport|2002|153|2137|2722|1639
TROUBLE - SCORE|Cheyennefort|2013|441|4391|3791|2901
FOOT - BREAK|Edwardsbury|2007|440|3062|4339|1154
MINUTE - POLICE|South Tina|2010|56|4902|73|1260
FIGURE - ONLY|North Susanmouth|2011|312|3955|3315|2842
TO - CERTAINLY|Mcphersonton|2018|60|4636|949|3673
PRODUCE - HERSELF|Petersenfurt|2015|291|3171|2415|3042
KEEP - FORGET|Port Jillport|2014|417|1147|1971|3591
WIFE - TOGETHER|South Christina|2019|231|4145|2043|1023
HOWEVER - BAG|North Madisonport|2012|268|2535|2987|2163
BEST - EMPLOYEE|Williamtown|2004|453|1211|3267|4139
MR - GROUND|South Kevinborough|2006|197|3736|4244|915
ENOUGH - CUT|West Rhondashire|2003|250|1753|1770|4955
INSTITUTION - THREE|Port Jamesview|2002|243|3388|3933|2960
TEND - AGENT|Laurenport|2010|51|2549|124|2054
NEAR - AUDIENCE|Aguilarberg|2021|154|536|1434|3400
PM - DOWN|North Connie|2016|126|3779|967|4432
PULL - PROFESSOR|North Brenda|2006|247|14|332|4811
BUT - COMMON|Port Glenn|2001|252|2079|2839|2081
LINE - GIRL|New Vincentland|2021|404|1148|1282|2305
FEAR - CARRY|Hansenborough|2001|375|3093|2383|3184
MEET - RESEARCH|East Dustin|2017|426|152|2202|1383
ACT - RECENT|Port Josephhaven|2001|97|1444|3679|2975
SINGLE - THOUSAND|Elizabethmouth|2000|53|298|1727|701
HAIR - REASON|West Bethville|2000|329|330|3755|3612
MAINTAIN - IMAGINE|East Pamelatown|2019|226|2055|4296|2040
TABLE - STILL|Joanfort|2013|61|2600|651|2120
MAKE - PUT|Jamesstad|2013|470|834|4731|2397
DEVELOPMENT - GUESS|Williamchester|2014|349|1353|583|3638
FLOOR - NATURE|Lake Mark|2012|169|2046|4555|1253
BACK - MRS|South Davidville|2018|167|4646|2552|2075
CONSUMER - LARGE|East Jenniferview|2017|194|4759|1323|11
KNOW - RESULT|North Angelaborough|2021|209|686|3740|2324
ORDER - COMMERCIAL|West Jenniferchester|2001|342|561|3488|2484
DEGREE - TOP|South Stephenstad|2006|307|2417|3383|1041
CONSUMER - DOWN|Victoriastad|2004|447|1956|1609|491
ONCE - EFFECT|Kennedyport|2004|421|2750|870|3422
EAT - GROW|Hodgesberg|2012|36|2557|1506|4377
GROUND - ENTIRE|Arthurport|2017|165|2960|3722|1408
UNIT - EMPLOYEE|South Amanda|2006|430|1526|110|1402
MANAGEMENT - YEAH|Port John|2007|247|1792|4396|1602
LIVE - POLICY|Port Heather|2014|102|983|1873|2598
THOUSAND - CITIZEN|Lake Kimberlyland|2017|355|503|2524|3751
USUALLY - ARM|Camacholand|2011|445|937|620|2365
DREAM - BAR|Shawnview|2004|9|1144|4842|470
SOMEONE - CIVIL|West Deannaport|2013|378|1458|4235|4804
SUFFER - COMPARE|New Georgehaven|2016|489|3491|3572|3572
NICE - DRIVE|Dawnbury|2016|128|509|3113|4623
HOUR - FAST|West Kylehaven|2018|229|20|2750|1276
CHOICE - HUSBAND|Tammyton|2012|204|2107|1684|1341
NECESSARY - AUTHORITY|Cristinaville|2017|351|2163|4311|3805
WHAT - SHARE|Juliaberg|2020|79|1224|4020|4174
DEMOCRATIC - STAR|Roweview|2017|255|4586|1361|4051
WATER - HAND|Kellyburgh|2015|140|3283|2054|2164
BOOK - COULD|North Lisaview|2007|435|1107|4991|2373
A - LEFT|North Jesse|2018|216|3148|3537|2633
RUN - MIGHT|Robertoport|2017|142|4997|590|2216
POLITICS - PASS|Walkermouth|2002|223|4183|1012|2211
INTERESTING - FIRST|Vargasberg|2016|378|2947|4365|239
ANYTHING - MESSAGE|Danielside|2018|1|481|21|4231
THROW - GIRL|Amyborough|2005|339|3215|319|3798
FOUR - RESOURCE|Frederickhaven|2003|154|1047|517|1077
LAND - FINISH|Boyerville|2021|80|2058|4635|4478
GUY - COVER|South Jennifermouth|2000|186|1899|4601|492
RISE - PROTECT|Jeffreyhaven|2003|358|698|4507|4853
AWAY - FINAL|East Alvinshire|2002|291|1416|941|4450
BALL - THREE|Jordanport|2008|112|2935|1589|4593
WEST - CHURCH|Watersfort|2002|432|740|298|4914
REALITY - TOUGH|South Jameschester|2009|59|3937|3559|1633
CANDIDATE - AGREE|East Marychester|2007|389|4774|1147|729
IMAGINE - FILM|East Kristen|2017|283|1445|192|3078
MISSION - KEEP|Kathrynfurt|2006|131|913|4023|1389
TREATMENT - SOCIAL|North Kelseychester|2004|258|1350|2815|4049
EVIDENCE - WHOLE|Petersenbury|2008|356|2493|892|437
SAVE - LISTEN|East Tylerstad|2014|189|552|3467|3248
MEASURE - OF|Whitneyhaven|2004|304|1540|837|4856
SMALL - SECOND|Kennethshire|2005|163|2700|2293|65
HOTEL - ORDER|East Cassandra|2007|406|1490|3335|3735
YEAH - CHOICE|Lake Amberchester|2012|302|1458|4577|1632
WAIT - EVERYBODY|Andersonshire|2018|289|4776|1047|2997
HERSELF - ACTION|Jonesport|2010|80|577|4427|4797
ORDER - HIS|Howellhaven|2006|345|184|843|337
PUSH - PURPOSE|New David|2016|134|3631|1526|2442
HIT - YES|New Dianeshire|2003|405|1012|1085|4197
TWO - OFF|Leslieside|2010|301|3213|1316|3356
BENEFIT - ROAD|South Robertville|2006|183|2864|1015|4706
END - TEACH|North Ethan|2005|85|984|2578|4692
RECENTLY - COURT|Shawfort|2019|32|4612|2362|4939
ITEM - COMPANY|South Christinaton|2017|155|844|2851|692
RELATIONSHIP - SCHOOL|East Tonyfurt|2015|346|4906|1923|4472
GOAL - ADMINISTRATION|Patrickport|2012|97|3822|4641|258
POSSIBLE - CHILD|East Elizabethmouth|2011|240|3613|2163|1349
USUALLY - DURING|Sallyhaven|2001|203|3630|746|2321
MOMENT - OFFICIAL|Bowerstown|2001|6|2731|2868|2656
COURT - IT|Davisburgh|2007|290|4740|367|3582
PICK - REMEMBER|Port Christopherstad|2005|267|600|592|1113
EXIST - MRS|Dayhaven|2020|409|4246|3726|1710
THING - FEEL|West Scottside|2021|105|3261|1325|4578
VIEW - FINISH|New Leahtown|2004|395|44|3899|2094
THEY - PROBABLY|Andersonhaven|2009|466|1910|1152|468
SEEK - MRS|East Lisashire|2000|486|2525|2165|819
REAL - COURSE|Gordonburgh|2011|15|1825|364|3009
EDUCATION - SAVE|Cindyview|2002|266|2525|2557|4578
MANY - FINISH|West Ashley|2001|242|2989|406|2539
WELL - BOARD|Leeborough|2003|184|1508|2516|2925
TRADE - RELATIONSHIP|West Christinamouth|2010|414|1446|4974|1178
MAJOR - RELATE|New Anitaside|2013|405|4376|3089|2542
MANAGE - AGAINST|Cynthiaburgh|2015|126|3108|1015|4922
ONLY - MAN|Emilyview|2013|234|2837|4591|4783
MORE - WRITE|Garciaview|2000|365|2137|2668|1980
LEAD - YARD|Port Barbara|2021|248|3972|2150|4519
SPORT - FINE|Mariochester|2006|371|3720|1868|4757
MAJORITY - RED|New Wendyville|2018|54|3390|3175|2009
SHOW - REALIZE|North Deanna|2013|237|226|2593|2766
EAT - NEVER|New Cheryl|2021|493|4358|3384|120
PUT - REMAIN|East Teresa|2011|152|4871|3263|532
FRONT - LOT|Cowantown|2006|109|3210|4830|860
NEXT - RADIO|Gordonport|2005|438|3648|4424|1840
WALK - AGENCY|Grahamborough|2021|469|3421|1594|1195
HAIR - MARRIAGE|Oliverborough|2003|120|115|345|127
SIGN - IT|Port Nicholasmouth|2011|389|2115|4344|2936
ALL - BENEFIT|Hallborough|2017|335|1499|1786|923
PRESSURE - FOUR|Kevinberg|2019|483|4835|3868|4496
CELL - ARRIVE|North Brian|2019|209|3528|1497|2622
RUN - MY|Robertside|2020|48|3587|1360|979
SPORT - ACCORDING|Russellville|2009|115|3151|3049|3954
MISS - PROFESSIONAL|North Michael|2001|470|2851|899|1412
ENERGY - PHONE|Andersonburgh|2015|153|3265|1747|4257
ENVIRONMENTAL - ESTABLISH|Dianamouth|2012|403|985|3648|3155
MATTER - TAKE|Reeseland|2000|270|3074|320|1448
KEEP - TRADITIONAL|North Stevenmouth|2005|293|237|1943|2112
CLEARLY - THANK|Christianfort|2006|111|3707|359|1243
REPORT - CIVIL|Lake Jeffrey|2009|45|3389|2325|2724
PRICE - SPEAK|Lake Victoria|2016|411|3022|1005|3829
ASK - SERVE|Susanbury|2020|169|1373|3809|3679
POPULATION - HEAVY|Lake Michelleton|2016|93|793|1579|2482
PAPER - VOTE|Lake William|2013|93|6|2696|1941
TO - SPECIFIC|North Tyler|2018|259|2978|1305|3490
TRADITIONAL - CAREER|Scottview|2014|483|2993|4449|2945
PUSH - SERIOUS|North Melissabury|2004|231|2295|109|4610
OPTION - DISCUSSION|Kennedyberg|2008|59|402|1890|3651
TALK - MEASURE|Jonesbury|2020|10|948|3883|1342
ANSWER - REGION|East Josephborough|2009|469|4645|4968|2051
INCREASE - USE|New Christophershire|2020|28|456|3851|1213
HAPPEN - HOTEL|Moralesborough|2016|336|1499|2058|2038
BUILDING - BE|East Robertville|2005|42|1782|926|3769
PRODUCTION - HERE|Cunninghamchester|2020|226|3716|2105|2920
CALL - MISSION|New Adammouth|2003|168|606|1207|3162
GROWTH - TRIAL|North Williamtown|2019|87|910|4865|383
INTERNATIONAL - AFTER|North Leslieport|2017|231|4949|3934|346
HOPE - AUTHORITY|Katherinefort|2017|316|174|4023|4298
STUFF - HOT|North Juan|2007|410|1495|1296|2997
HAPPEN - OLD|Woodtown|2015|353|4390|2661|3598
CHECK - SINCE|Washingtonton|2020|420|410|4189|4370
CHILD - ABILITY|South Jamesside|2002|213|764|3822|3700
NOTHING - SPEECH|South Robertchester|2013|101|2917|2853|3871
CHOOSE - THING|Aliciaton|2014|142|3116|1863|3774
PEACE - BIT|Marksside|2014|383|2154|4833|3799
LIKELY - LEAD|Owenfurt|2019|475|896|4665|1671
RELIGIOUS - INDUSTRY|Anthonyfurt|2016|485|3959|4921|1817
AGREE - PHYSICAL|Garciaburgh|2001|498|921|3359|4955
PM - TRUTH|North Jasmine|2015|237|4175|3072|4009
LAW - DEEP|Brownberg|2014|204|4587|520|2876
INVOLVE - CLOSE|Randallchester|2004|440|224|2047|3351
ISSUE - WAY|North Angelahaven|2004|96|4979|3685|1206
SAME - CONTROL|North Heatherville|2001|342|396|4798|2453
UP - HELP|Lisachester|2019|380|2505|489|4124
MACHINE - SUCCESS|Allenview|2000|263|2601|2022|158
FORGET - SO|East Tammychester|2005|32|961|367|1325
REGION - DINNER|Jennifertown|2011|261|1008|4017|4491
GROWTH - LISTEN|Port Cole|2013|380|4929|1004|4440
WRONG - COLD|West Leslie|2020|461|504|3057|2137
LAW - HERE|Keithville|2020|332|1151|1659|4416
POPULAR - SOMETIMES|Port Pamelahaven|2009|42|4928|728|259
CASE - APPEAR|West Kerribury|2001|455|827|2565|541
MAYBE - DEFENSE|Lake Elizabeth|2005|265|824|452|5
LEG - HISTORY|Lake Lisa|2014|307|2584|2804|1276
WITHIN - TRY|New Raymond|2018|137|3444|619|1761
COUPLE - ME|Port Gregoryhaven|2005|73|4280|3798|1888
GAS - MENTION|Amyborough|2000|223|4305|4928|2890
IMAGINE - CERTAINLY|South Josephfort|2004|219|1337|2203|3123
FORWARD - TRAINING|West Brandonport|2021|86|398|1920|383
CRIME - PLACE|North Gary|2019|7|4726|3603|82
OUTSIDE - AFFECT|South Scott|2017|199|4887|3888|338
PEACE - TURN|West Michaelland|2013|56|2047|1310|1211
BAD - PEOPLE|South Shannon|2002|249|4515|2798|3365
FOR - ASSUME|Williamton|2007|459|4099|713|397
CONTAIN - SET|Brendanton|2020|295|3647|3930|4577
MAIN - AMERICAN|Coffeymouth|2014|278|1604|437|1343
DO - PAGE|Matthewchester|2013|115|1330|2365|4982
BY - SHE|Josephstad|2007|298|2149|4164|919
TURN - STUDY|West Jamiestad|2017|177|3044|492|2913
TIME - WHAT|West Jasonside|2007|123|2447|4334|2669
APPLY - NEARLY|New Carol|2006|314|1038|2379|3595
ENERGY - FOOT|New Connorstad|2018|442|2367|2039|349
RUN - GOAL|Branditon|2001|62|4425|4945|3380
IDENTIFY - WORK|Shelleystad|2005|169|1447|2130|4876
AHEAD - ADD|Debbieland|2017|218|2943|2684|1921
TRIP - SPACE|North Darrellton|2003|183|1331|3328|4320
MOVIE - PREVENT|South Brittany|2015|469|378|433|202
RESPOND - MAKE|New Hannah|2008|353|4245|3116|2697
IMAGE - THE|Port Reginaton|2019|293|3924|3043|2020
PEOPLE - WRONG|Rosalesland|2002|338|3640|4290|1825
IMPACT - REPRESENT|South Kevintown|2013|426|448|4677|762
PROPERTY - CONDITION|New Taylorside|2000|346|4191|3912|3445
EXAMPLE - RESULT|New Mariah|2000|138|4394|2727|765
PASS - CHALLENGE|East Jose|2014|413|605|2562|2556
EVERYTHING - THEMSELVES|Allenstad|2006|463|4084|87|4915
HOW - COLOR|Leetown|2011|393|2231|3684|3283
DOCTOR - TEACHER|North Michellehaven|2003|182|3615|4169|4132
PUBLIC - END|West Katieport|2016|356|1213|3054|4374
TURN - TEACHER|Josephport|2012|263|1497|4842|965
CHANCE - NEAR|South Derrick|2007|90|2836|4930|3854
BANK - CENTRAL|New Jeremy|2018|475|3811|2556|3320
OPEN - SUMMER|South Jon|2014|69|3840|397|840
REALIZE - FOREIGN|New Russell|2012|387|2369|3572|1932
TOTAL - GARDEN|Port Eddiestad|2009|316|153|3111|2399
BAD - RELIGIOUS|Alisonfort|2012|284|4760|2399|1379
EXIST - SECURITY|East Vanessaville|2011|135|4341|1281|1752
START - OUR|Angelaville|2005|180|1150|3336|4968
ENVIRONMENTAL - FAST|Simsport|2005|472|4698|3813|108
ESTABLISH - SAVE|Port Alexanderhaven|2016|207|1626|1789|158
ANOTHER - THOSE|North Triciaburgh|2013|301|1101|2373|78
AROUND - ACTIVITY|Huffside|2006|271|3212|365|4816
INTEREST - RELATE|Martinezfurt|2000|147|4148|1087|2162
REALITY - BAD|Jonesburgh|2015|321|29|3342|3893
CIVIL - CIVIL|Youngstad|2012|123|1184|2417|3466
NETWORK - OF|Benitezbury|2010|360|2510|424|2757
HOT - NEWS|New Alisha|2020|146|2610|2770|342
EXPLAIN - KEY|North Coryton|2021|145|4124|3787|3099
SYSTEM - CITY|Laurafort|2006|219|4283|4820|4141
CAREER - LITTLE|Jenniferberg|2002|181|2373|2771|487
BUDGET - PROTECT|Lake Alyssa|2020|254|4403|2480|2451
FIRM - PATTERN|Kathyshire|2018|14|2117|3398|889
PARENT - LESS|North Suzanneberg|2020|452|2747|3230|4688
BACK - PHYSICAL|Kristenland|2020|478|3989|2224|3089
MY - WIND|West Sandra|2008|481|3678|3725|1628
COMPANY - POSITION|Port Amandatown|2007|156|2738|330|2874
FINALLY - INVOLVE|Mcintoshfurt|2009|134|3297|1776|4803
LESS - DEVELOPMENT|Johnchester|2021|260|3720|3298|3018
DEMOCRATIC - SITE|East Mark|2015|36|794|2506|1456
WHOLE - HOME|Port Ryan|2006|487|1265|3748|4597
RICH - AUDIENCE|Jennifertown|2016|21|4436|11|2408
PULL - PIECE|Port Beverly|2020|120|1693|1976|4033
NOW - NEWSPAPER|East Luistown|2018|398|2087|1825|4203
HEALTH - SEND|Hohaven|2007|16|1533|4849|2190
BED - BELIEVE|Schultzhaven|2018|162|3013|2832|2822
BOTH - WAR|South James|2003|87|4437|3490|1558
STREET - BEGIN|Sarahport|2009|249|2511|3566|4703
PHYSICAL - OFTEN|Lake Jon|2018|353|1116|3002|3642
NATIONAL - SAVE|South Dennis|2019|16|4110|3389|88
DATA - BEAT|Estradastad|2003|51|1687|1212|714
WHICH - MYSELF|Port Nicole|2016|500|3640|740|2652
AGENCY - FATHER|Port Lisabury|2016|321|2409|42|2793
PRODUCT - NICE|East Sarah|2019|342|214|423|2543
THEM - REMEMBER|Taylorside|2016|297|2195|937|1923
STUDY - AS|Lake Melissaburgh|2006|248|1024|758|4658
SKIN - STRATEGY|North Brittanyfurt|2009|100|1051|4778|3171
MONEY - CITY|South Anthony|2009|324|4495|34|3505
SUPPORT - RATE|South Jennifer|2003|423|3228|39|2143
PAY - HEAVY|East Joseph|2018|248|3241|831|4671
MEMBER - REPORT|New Ericborough|2019|375|2771|764|441
MANY - FREE|Port Jenniferville|2007|61|813|2109|2720
TV - FAST|Port Markfort|2018|409|3832|2214|4070
WHILE - LISTEN|East Joyhaven|2021|54|172|4569|4097
DRAW - NATION|Perezchester|2012|102|4774|3638|3372
FIRE - HEAD|New Darryl|2013|401|2721|3315|2723
RESOURCE - WITHOUT|Alexanderchester|2004|352|2990|4472|3988
APPLY - SUCH|West Brian|2019|333|761|1381|1924
TERM - INDIVIDUAL|Port Connieberg|2013|229|4826|2748|2625
INDEED - TWO|Lake Danielmouth|2015|177|4782|2674|1529
JOIN - GROUP|East Brooke|2002|265|324|2851|2770
FEEL - WHY|Roberttown|2001|74|3614|921|1655
REPORT - LEADER|Deborahport|2000|271|4765|153|4029
SOMETHING - EVERYTHING|Chavezburgh|2001|64|4374|27|3674
MILLION - DEMOCRATIC|South Mckenzie|2002|213|2836|4930|144
GAS - LATE|East Michellemouth|2021|250|3078|3827|1653
STATION - BETTER|Froststad|2020|5|2279|4467|573
LATE - WORD|Lake Laura|2007|499|2734|2845|2364
ONLY - FINISH|North Angelicamouth|2008|38|3172|3001|2412
CLASS - GREAT|West Brandi|2010|467|2866|2936|2324
CHILD - ELECTION|West Brett|2019|471|2521|4107|2599
PARTY - OPTION|North Victor|2012|275|1223|3706|2826
FAMILY - INDIVIDUAL|Villarrealland|2013|489|2765|3717|851
AVAILABLE - COUNTRY|Kristystad|2019|460|4197|212|2040
LEARN - FEEL|New Shannonport|2003|207|260|2038|531
ONE - MAIN|Antonioview|2009|325|197|3609|4746
PUSH - REST|East Robert|2006|400|2603|1847|234
RISK - NETWORK|Kevinmouth|2019|218|1908|2431|2036
COURSE - MORE|Ashleyport|2001|423|4793|1204|1778
HUNDRED - COST|Edgarmouth|2019|160|802|3689|1896
PATTERN - PAPER|North Carrieland|2018|309|2111|4917|1532
VISIT - CURRENT|Tonyachester|2004|227|3216|590|411
CITIZEN - PER|Port Gregory|2005|133|1409|687|4181
SIGNIFICANT - EXPERIENCE|New Louis|2004|399|2794|706|776
COVER - DETERMINE|Mcleanbury|2020|392|445|703|3849
DECADE - RATE|East Phillipchester|2018|197|3732|3681|3828
MENTION - EMPLOYEE|Leside|2012|300|3099|2441|67
TRUTH - CRIME|Leebury|2021|275|1339|2148|2202
TYPE - CURRENT|Shellyside|2011|227|3101|4978|1066
TAX - REPUBLICAN|Randallville|2001|114|4820|1255|707
FINANCIAL - PROTECT|East Richardchester|2014|13|3172|4198|39
KIND - LOT|East Wendyberg|2004|335|3322|4944|955
TOUGH - LETTER|Amandafort|2013|325|4086|3607|1710
SEA - BEHAVIOR|Port Suzanneland|2017|382|3830|2000|3435
BEAUTIFUL - TOWN|North Jesusborough|2020|235|1885|3364|1895
TELL - FOCUS|New Melissastad|2007|219|4530|699|4405
SIMPLY - BEAUTIFUL|East Monica|2019|417|1251|3525|4372
MISSION - FORWARD|Riverastad|2001|474|3423|726|3724
UNDER - ANY|Scottport|2008|15|2939|1095|3334
MYSELF - OPERATION|North Richard|2003|143|820|846|3172
ANYTHING - MANAGER|West Carrie|2001|478|3530|2590|4468
DESCRIBE - POSITIVE|Jenniferfort|2003|439|2951|817|926
WHOM - POPULATION|West Manuel|2009|311|4796|4844|2434
FALL - PERSON|Ramirezland|2021|395|3264|4318|4863
MEDICAL - CAUSE|Laurenstad|2020|308|4049|3845|3136
IMPORTANT - DREAM|South Kevin|2005|202|1809|2646|3116
WHATEVER - MARRIAGE|Michaelmouth|2015|304|2132|3500|2753
RATE - TONIGHT|Port Adam|2008|188|574|2857|4230
HOUR - EXAMPLE|Thomasville|2005|2|4212|1222|3422
WHY - HIGH|East Briantown|2015|198|3007|1807|2541
US - RICH|Bonnieland|2006|206|812|2432|4354
STUDY - AHEAD|Wintersshire|2006|486|3355|2781|3128
HOWEVER - DARK|Williamston|2012|267|1247|1933|3506
BABY - SPEECH|Peckview|2015|257|3994|2582|2281
SOMEBODY - HAPPEN|Spearshaven|2021|309|210|850|1326
SIDE - DISCUSSION|Hillton|2007|402|3647|1248|2411
ABLE - MAJOR|West Amy|2018|491|968|3383|4744
UPON - GOOD|New Linda|2014|254|4653|4297|3771
YARD - WHO|East Lauren|2018|366|3897|1463|2819
MIDDLE - TEN|New Brenda|2012|310|4860|1212|568
FIVE - FAST|South Barbara|2009|376|3154|1675|4854
AGENCY - PRODUCT|East Lawrence|2011|289|526|2360|2051
OWN - BECAUSE|Jacksonbury|2009|407|228|2542|3271
EFFORT - ENVIRONMENT|New Jose|2008|271|1341|3545|4682
RED - ONLY|Judyview|2013|139|1263|2397|2500
COULD - APPROACH|Masonbury|2012|89|705|4205|701
FACE - WOULD|North Sarah|2018|430|2977|169|3142
BLOOD - PAPER|South Robin|2016|264|2257|4495|345
MESSAGE - WORD|Millerberg|2005|249|274|492|3684
THIRD - WELL|Munozberg|2000|107|4953|1782|1889
YEAR - SAY|Stacyview|2020|328|668|2849|3742
PARTNER - AGENT|East Ryanland|2008|447|4474|2980|566
MOST - RESPOND|Kaylachester|2011|182|4652|3136|10
MOVEMENT - ON|New Andrew|2005|358|3324|1837|2810
TELEVISION - SUPPORT|Jonesville|2006|12|1031|707|3521
SORT - ISSUE|Chapmanfurt|2013|177|4645|3283|2116
EXIST - WELL|New Jennifer|2013|98|4493|2565|3186
LIFE - PAINTING|Kevinview|2016|419|4766|4238|3883
CAPITAL - IDEA|Lake Meghanland|2019|83|740|1103|2944
BEHIND - FIGHT|Martinezbury|2007|352|3965|2767|931
CARE - WEAR|Elizabethfort|2004|45|3489|4085|381
SON - SUGGEST|Patriciabury|2013|174|4800|313|1933
WIND - SOLDIER|Bryanland|2007|318|1059|4158|2193
SEND - GENERATION|Port Ritaborough|2017|100|4165|3422|295
HEAD - DISCUSS|South Matthewmouth|2009|309|1803|2983|671
FRONT - DISCOVER|Robinstad|2017|8|2578|806|257
EXPECT - QUALITY|New Dale|2000|101|277|1985|190
GUY - OFFICER|Smithville|2007|17|2659|3726|3155
PARTICIPANT - ARM|Kingstad|2020|435|1646|2731|2477
FACT - CONTROL|Cochranburgh|2016|410|1665|1780|325
SERVE - ESTABLISH|South Russell|2007|497|4970|2128|4799
MAINTAIN - RESPONSIBILITY|Benjaminside|2006|194|2540|1194|241
ENOUGH - ARGUE|Lake Jenna|2006|257|3432|884|130
WEST - AMERICAN|West Seanstad|2021|171|716|4375|125
UNIT - WRITE|Normanhaven|2004|153|2209|3897|1549
RESPOND - INFORMATION|North Amberbury|2011|309|3200|930|2468
STEP - LAW|Taylorbury|2006|282|4732|4638|1349
AREA - PARTICULARLY|North Katherine|2013|439|2128|4445|4292
ABOVE - TEAM|Millerville|2007|429|4928|1297|2745
THOUSAND - NUMBER|West Michael|2003|83|4741|2398|3787
LONG - DIRECTOR|Hallbury|2015|373|8|1027|2042
STATION - LANGUAGE|Blackton|2012|228|2553|1928|2618
GENERATION - PIECE|Christianborough|2003|40|2966|1566|2990
PUBLIC - FOOD|Port Jasonfurt|2014|174|4662|3139|4758
BEST - GIVE|Lake Judyville|2021|83|4287|1130|2370
ANOTHER - ABOUT|Matthewsshire|2009|213|4188|2428|271
UNDERSTAND - HEAD|New Vincent|2015|496|3407|4192|4346
GAME - DIFFICULT|South Lindashire|2019|73|2917|3914|2321
HOME - ALLOW|Houstonchester|2003|393|759|2980|251
BY - AREA|New Scottville|2002|370|85|4695|2703
CHURCH - WITH|Baileyburgh|2011|77|2921|528|3371
NEED - PERFORM|Geraldshire|2004|32|757|2176|4090
RETURN - SHOULDER|Seanmouth|2018|36|1234|2500|955
OIL - DRUG|Burgesston|2008|415|3620|3331|4511
SOME - CARD|Gloriatown|2018|266|430|4257|4728
NATURAL - DIFFERENCE|Laurachester|2015|328|4011|4370|780
PROPERTY - CRIME|Jonesfurt|2021|444|2705|4770|4700
SUBJECT - ROCK|Wiseville|2004|87|534|3636|1670
AFFECT - SPEECH|Cooperbury|2001|280|2492|1839|4512
CHECK - BLACK|New Jennifer|2006|439|1240|1744|247
TRUE - LAUGH|Brookstown|2020|370|48|4968|2719
HALF - AUTHOR|Dunlapshire|2017|223|3047|732|2698
PLANT - ROLE|Port Cindy|2003|492|2534|4487|3720
COURSE - JUST|Sparksstad|2005|161|281|1174|3634
CUT - CHALLENGE|Gibsonmouth|2014|308|1837|3612|2367
OUT - BODY|Maysland|2010|113|207|3948|4419
PICTURE - CHARACTER|South Taramouth|2014|168|3071|2303|3997
MOST - ARM|Lake Anntown|2019|361|1261|959|432
OTHER - FRONT|West Lance|2005|495|2628|4520|2060
BUT - OTHER|Port Nicole|2003|112|3870|2061|2877
IMPROVE - HAVE|Port Justinchester|2012|252|2070|4291|4170
POLICY - WIN|North Nicole|2015|450|426|2057|203
LINE - FORMER|Sandraport|2001|222|4294|3438|2689
EAST - PRESENT|South Jamesside|2021|87|1943|1695|3938
EFFORT - FEW|Lake Steven|2003|334|4205|377|3698
YET - HOPE|South Erikastad|2001|114|495|4891|428
RESPOND - TRUE|Carneyport|2006|140|2304|3451|4343
EFFORT - OWNER|Colechester|2011|278|1778|2919|4355
HOLD - PART|Laurenfurt|2017|213|2484|4994|4206
ON - CUSTOMER|North Lauren|2011|59|3193|44|4942
UNTIL - RECOGNIZE|Petersonmouth|2004|311|4652|4035|1830
FINISH - INTERESTING|East Lisa|2001|192|1309|3051|3005
MOMENT - LEARN|West Bradleymouth|2012|376|943|2096|3380
CUT - DEMOCRAT|Cheryltown|2001|150|266|3914|3985
DIFFERENCE - ALLOW|South Stacey|2008|477|537|229|2728
TREAT - BEST|Wellsville|2019|47|2880|3986|2728
WORD - STAY|Clarkstad|2004|172|1980|2603|4426
RECENT - ACTUALLY|Port Joseph|2012|382|2216|1788|1296
BAG - ENTER|Dakotafort|2000|107|1300|4146|2374
SIX - DIFFICULT|North Brett|2008|212|4450|494|1466
SERIES - WEEK|New Amyhaven|2005|49|4879|3914|831
VALUE - ADDRESS|Kimberlyview|2002|424|2517|2102|3240
THING - HELP|South Matthewhaven|2015|229|4076|3437|4809
FIRM - AGO|Whitneyport|2010|374|710|2565|3176
EVENT - PASS|West Dave|2002|5|3470|2302|577
ITSELF - SOUTHERN|Hornville|2010|404|3754|4503|728
WHY - CASE|Lake Kyletown|2007|362|2911|490|51
DIRECTION - COMPARE|East Patricia|2014|122|1599|3302|2765
POWER - COMMERCIAL|Gabriellebury|2002|86|3882|4199|4154
EXPERT - STORE|Susantown|2011|448|3649|1263|2201
TEACH - WORRY|Greenburgh|2018|76|94|3080|3389
RED - JOB|Brendaland|2012|141|2317|1592|4765
FORGET - WORKER|Deannamouth|2002|20|99|4934|1807
NATIONAL - STILL|Port Anthony|2009|297|331|441|2989
AMERICAN - POLITICAL|Fernandezland|2006|363|2188|1441|1099
PAPER - AGREEMENT|East Michaelhaven|2004|412|3271|3373|1648
AUTHOR - PHYSICAL|Lake Robertchester|2012|171|3582|4945|3619
ALWAYS - EFFORT|Joshuahaven|2018|392|2036|4431|4328
MEETING - STANDARD|Carrtown|2009|215|4809|2694|674
FINE - CERTAINLY|Frostmouth|2013|124|360|4105|3211
SPEECH - FACE|Jillburgh|2004|380|1773|3291|4365
RICH - HEAR|South Jillfurt|2007|3|2766|437|3742
ADULT - DURING|Port Victoriaberg|2006|431|286|1260|2155
NICE - AMONG|Smithtown|2011|55|122|1770|1190
BEFORE - QUICKLY|West Brian|2015|292|4815|3325|3836
SOMEONE - ADD|Nicholetown|2008|474|2667|864|3624
EXPECT - STREET|West Alexanderside|2005|167|4677|1536|3374
ABILITY - DECIDE|New Carolynberg|2000|303|1298|3936|2629
MY - FOOD|Spenceside|2006|306|4833|2611|357
CARRY - IDEA|East Matthewland|2014|29|87|1827|1022
OUR - NEW|Blankenshipton|2017|402|1109|4537|380
PARTY - FEEL|Adamsmouth|2003|72|1677|1677|1250
USUALLY - WONDER|Paulastad|2003|49|2683|1160|2192
EVEN - TRAVEL|Lake Randyberg|2008|237|3915|3427|1206
FACE - CARD|Michellebury|2021|12|2428|2141|2294
CRIME - WHERE|North Susan|2004|371|1382|3212|2392
OTHERS - FIRM|Kimberlyhaven|2001|114|1211|1817|3460
PROVIDE - CONSIDER|Lake Davidville|2014|133|441|2958|3471
INDUSTRY - AGE|Lake Angelaland|2021|101|2184|3749|3108
TOWN - YOUNG|Henryburgh|2003|68|955|2261|3692
CIVIL - UNDERSTAND|Cathychester|2020|364|1889|1356|4722
EVERYTHING - CARE|Mcknighthaven|2015|500|1498|4772|3709
SMALL - SHOULD|South Davidshire|2003|296|1038|3838|2073
EMPLOYEE - WEIGHT|North Kayla|2001|387|2953|4831|1974
CLOSE - POLITICAL|East Pamela|2003|484|2578|2142|2936
INTO - BROTHER|South Tyrone|2005|57|2403|620|4617
LISTEN - BENEFIT|Janetshire|2000|358|268|2907|1926
ACCEPT - FLOOR|South Wayne|2012|318|2692|2086|4918
OPEN - LIST|East Alejandra|2005|237|530|3352|1623
STORY - KEY|Mcdonaldberg|2015|88|3850|663|982
WHITE - BAD|Lancemouth|2005|199|4694|806|2122
UNIT - BECAUSE|Floresstad|2016|365|2871|3783|159
INSIDE - WEIGHT|Port Vincentberg|2021|326|898|1514|3148
COLLEGE - SPACE|Sarahfort|2000|72|3277|444|3075
ESTABLISH - GROUND|Walkerhaven|2011|114|4986|2873|2962
ESTABLISH - USE|Leachfort|2012|209|2691|672|681
IMPROVE - KNOW|Lake Christopherfurt|2013|122|2379|521|1004
VISIT - ABOVE|Murraychester|2017|248|4191|2959|4183
ONLY - YOUR|Ortiztown|2006|28|1569|4501|3987
BACK - KNOW|South Johnfurt|2021|470|3851|3818|3421
NOW - DIFFERENCE|Deborahland|2013|181|2086|868|981
PASS - UP|South Tinastad|2001|441|2816|3725|1705
BABY - MORE|East Jeffreytown|2019|236|1037|1728|3824
HIM - RESULT|Moraleshaven|2016|387|1833|2703|1255
MY - LIKELY|East Christinaport|2003|43|282|437|1719
PROCESS - PROJECT|South Kevin|2019|239|31|3362|4576
GOOD - FILL|North Stephanie|2006|41|2021|2990|4376
ENTER - LEAD|East Leslieshire|2006|167|2128|3432|326
NEW - DURING|Lake Debbie|2010|101|4505|4866|3632
GIVE - CONGRESS|Marioport|2011|87|1683|2474|3928
RESEARCH - CONTROL|Laurenbury|2006|469|4171|1268|2374
TRAVEL - STATION|East Joshua|2009|233|2001|914|744
CITIZEN - STUFF|Port Jeffreyfort|2004|412|3325|1923|3881
CONTROL - GROWTH|Clintonburgh|2009|377|2603|4301|4176
MOVIE - DEGREE|Connerburgh|2009|125|1920|1760|4954
CARD - THEMSELVES|Randolphshire|2012|374|4953|2957|4683
NOTE - SOURCE|Johnstad|2020|129|118|248|3469
THEY - TREE|Stuartberg|2001|23|3835|4521|145
APPROACH - JOIN|West Pamelafort|2017|8|1664|4394|4431
PUT - MAYBE|Rodgersmouth|2005|172|4696|272|519
DREAM - DECIDE|West Bethburgh|2000|206|4633|1817|1961
HOUR - REQUIRE|Timothyberg|2017|299|2133|2680|3611
RAISE - OFFER|Port Steven|2000|234|3206|4280|4801
DIFFERENT - PARTICULAR|Waterschester|2012|167|3321|4763|407
BETWEEN - TREATMENT|Rodriguezchester|2004|274|1178|3697|4061
CHALLENGE - TELEVISION|Sallyville|2003|491|1156|2411|2698
STUDENT - UNTIL|Williamshire|2007|27|975|2315|3711
PIECE - FORCE|Scotthaven|2014|6|4188|2893|3594
GO - LETTER|Hartmanmouth|2021|299|4894|134|3595
NOTE - RESULT|East Garyview|2017|33|3917|3578|2775
STRATEGY - HISTORY|Sarahchester|2008|267|2191|270|3550
CAUSE - ADULT|Rebeccaberg|2001|292|379|76|4732
THOUSAND - GROWTH|Masonton|2007|287|2573|1513|884
CULTURE - FEW|Corymouth|2004|122|1818|1215|3041
INVOLVE - TONIGHT|Melodymouth|2012|152|955|1039|3915
NATIONAL - NEXT|Novakbury|2016|398|1308|273|566
REALIZE - OUR|Armstrongfurt|2011|350|3251|103|267
SENSE - STILL|Fernandeztown|2011|58|93|4843|1574
COUPLE - LEAVE|Patrickport|2014|451|2162|3661|2617
STRUCTURE - TOWARD|Aaronland|2002|298|3709|1913|3300
INCLUDE - CERTAINLY|Manningmouth|2009|457|4469|3710|4409
BORN - PRESENT|Coopermouth|2021|160|1400|1106|487
STATION - POOR|Port Emily|2016|248|2354|2107|4641
ARTIST - OTHER|Lake Jenniferburgh|2012|426|2481|168|2616
NATURAL - SHOULD|Hooverton|2008|419|1637|2761|4836
OUT - LISTEN|New Rebeccabury|2004|99|2629|3178|120
WIN - TOGETHER|Samuelland|2000|392|492|4118|3993
YOURSELF - BUT|North Brandon|2014|134|3129|3424|4284
TODAY - WIDE|New Briannaside|2015|369|2281|1712|4813
CHECK - THOUGH|Heathertown|2018|245|2196|2845|1529
CAMPAIGN - REGION|Rachelhaven|2020|204|3116|2598|809
MEETING - BOTH|Lindatown|2000|292|2959|3802|3972
MOMENT - NORTH|South Kathrynberg|2000|79|4659|4803|3731
HAVE - RELIGIOUS|Lake Jenniferfurt|2007|376|4532|922|3010
GO - BOOK|Campbellborough|2015|461|628|1127|2549
MORNING - PROJECT|Morsetown|2000|214|4696|3283|1227
LOW - ALWAYS|Heatherside|2006|95|3522|1443|4044
CULTURE - CASE|Charlesland|2009|443|334|3504|3487
FIRST - SEEK|Mcgeemouth|2006|42|2464|3647|770
STANDARD - ME|New Jenniferfort|2001|231|3816|1353|1067
OWNER - HIS|North Gregory|2008|305|3499|4461|1013
GENERAL - MEASURE|Port Andrea|2010|120|2089|3883|890
ADULT - THINK|West Jane|2015|69|1645|696|2562
MIND - STAFF|Lake Shawn|2012|460|303|3227|2158
POLITICS - WINDOW|Nathanside|2012|48|3235|2612|1316
INSTITUTION - ELECTION|South Brooke|2013|39|1530|2205|2735
HISTORY - WORRY|New Allisonfurt|2006|369|4298|4398|2777
ROOM - EXPECT|Kathleenberg|2011|321|2725|349|985
SCENE - RACE|Alvaradofort|2009|373|3954|3382|2969
PRESENT - FEEL|South Christopher|2012|70|1441|2325|3040
VIEW - PARTNER|Meyermouth|2010|162|2853|4239|4649
ABOVE - UNDERSTAND|Edwardsfort|2007|314|3404|1596|4496
SPECIAL - FAST|East Stephanieberg|2011|334|1922|176|1755
STOCK - FORWARD|Lake Mackenzie|2010|126|1199|1610|1886
AROUND - OUTSIDE|Johnsonview|2002|6|2886|1608|4441
PLAY - CONSIDER|Snyderstad|2009|222|2415|3172|1838
SPECIFIC - GOVERNMENT|Lake Breanna|2005|184|4215|1479|4453
FIRST - STANDARD|East Sarahland|2016|175|32|1889|3258
THREAT - SUCH|South Julie|2020|469|4858|4745|3803
PHONE - PROCESS|Wallmouth|2006|117|2129|4179|3947
KEEP - TRIAL|New Sarah|2015|11|2401|1294|2080
MAY - REMAIN|Port Ianhaven|2015|473|1469|4097|4934
SORT - RULE|Swansonfort|2020|276|2451|2825|930
PARENT - ANYONE|Victoriamouth|2015|90|1098|2661|3316
TABLE - GREEN|North Ashleyborough|2008|317|4110|1531|3299
MEET - TEND|Brendashire|2013|360|3869|549|1677
SING - MEDICAL|Port Jose|2010|224|4239|2304|3163
THAN - PIECE|West Daniel|2015|120|3169|997|954
THERE - GARDEN|Pamelahaven|2016|15|3828|814|187
EXPLAIN - CALL|Waltermouth|2001|116|2547|587|3652
MOVIE - INTERNATIONAL|Meganport|2021|256|1181|1426|354
RADIO - HOSPITAL|West Tamara|2018|51|1398|1764|1683
SOMETHING - SITE|Bakerchester|2000|44|2220|1547|439
BEGIN - ANIMAL|East Carlos|2015|382|21|3510|317
BACK - CLOSE|Delgadoland|2000|234|2148|3162|2312
CHANGE - CUT|East Patricia|2016|90|3669|830|559
TO - WITHOUT|Williamsland|2018|247|2186|4253|4144
SEVEN - MESSAGE|Teresafurt|2001|458|2755|2002|3534
SIDE - AMONG|West Jasonshire|2000|286|2360|1880|3122
RECORD - GIRL|Lake Jonathanchester|2018|189|4052|1860|3197
WATCH - PAST|South David|2008|28|4788|4831|1940
PERSONAL - EVENT|North Jasmin|2001|250|2894|39|1311
RESPONSE - ALTHOUGH|Chandlerport|2020|418|3006|4257|920
TRADE - GIVE|Port Elizabethfort|2014|441|4233|2664|4256
POINT - THESE|South Bethanyland|2016|339|3707|3040|2943
HIS - MEDIA|Port Kevinfort|2021|239|884|1664|4824
WORKER - CERTAINLY|Millston|2019|488|3173|4692|2206
LONG - ORGANIZATION|Mckinneyfurt|2011|386|2442|2276|920
DATA - BEYOND|New Danielleshire|2015|413|3193|2419|4644
OTHERS - FOLLOW|West Derek|2012|488|4354|3682|2588
COLOR - TRUE|Haleyberg|2015|381|581|4086|4798
DETAIL - FINE|Lake Natalieview|2000|10|1372|421|1831
BANK - MODERN|Guzmanborough|2005|477|879|2944|3050
ATTORNEY - MATERIAL|Patrickside|2009|52|1378|3688|2849
FISH - SITE|Dominguezton|2013|119|4646|1662|3319
WALK - IMPACT|North Danielmouth|2021|361|1240|868|1826
WORK - TRIP|Watersside|2011|188|1240|3831|782
UPON - TRIP|Ashleyhaven|2008|265|3877|3316|222
WHATEVER - LEFT|South Monica|2018|460|3031|4027|2768
RESOURCE - ASSUME|North Reneechester|2015|351|2874|1416|98
AROUND - WEIGHT|Priceview|2011|10|472|1568|677
SPECIFIC - STYLE|North Meganview|2005|72|458|3595|2423
ANY - CARD|North Bobbybury|2011|161|317|2734|4745
MAKE - FIRST|Dunnland|2012|431|4081|4529|2906
REFLECT - YARD|Williamside|2018|46|70|1167|1816
BANK - APPROACH|Millerport|2018|229|4277|4397|4159
NATION - OPERATION|Schmittside|2015|299|2384|907|1001
KITCHEN - SIZE|Sheilachester|2017|347|4259|1873|3517
ACTUALLY - RISK|Drewmouth|2003|92|2828|1657|1863
NIGHT - WIN|Port Kellyburgh|2001|366|796|4380|4817
CHILD - SHORT|West Jason|2006|431|1624|1568|2021
OFFICE - BELIEVE|Hallville|2002|423|2933|880|1850
BEAT - THROUGHOUT|Bishopton|2012|440|2444|4639|1777
HOME - SINCE|West Ashley|2017|409|78|1071|3384
PUT - PASS|South Alexanderville|2011|127|4352|593|3558
CATCH - LIFE|Riddleborough|2009|444|2128|4418|4638
SUBJECT - NOW|West Matthewmouth|2005|12|2862|3234|2107
REPRESENT - PAINTING|Kyleburgh|2016|140|2406|4590|448
RUN - WEIGHT|North Leslieport|2000|61|3088|2668|4026
STANDARD - SKILL|Port Bonnie|2006|121|520|713|3966
AGE - HIGH|New Matthewmouth|2021|312|433|4509|2317
COMMUNITY - INDICATE|New Stephen|2021|332|437|172|4391
DEVELOPMENT - SPACE|Port Paulport|2004|238|4959|3177|2134
NEARLY - BENEFIT|Carriefurt|2011|438|2612|4183|1238
WEAR - NOTICE|Raybury|2017|310|4041|1979|1610
DEMOCRAT - PERSONAL|East Scottchester|2019|273|995|3265|2200
IDENTIFY - ACROSS|Bradleyhaven|2000|462|4461|1805|3957
GO - NOR|Daviston|2015|284|3733|1178|271
SINGLE - STATE|Hendersonbury|2013|203|2295|4171|4191
WHOSE - LISTEN|Johnsonborough|2016|476|575|3929|1673
NATION - FILM|West Patrickmouth|2014|7|793|2015|2556
READY - ARGUE|Manuelburgh|2017|11|2808|2334|257
TV - RED|North Johnton|2001|70|4509|1893|4704
IMPACT - WEAR|East Ashleychester|2018|374|4809|2519|2875
TO - LINE|East Stevefort|2021|355|4859|1955|373
DISCUSSION - WIDE|New Shannon|2007|29|722|2458|561
AHEAD - ABOVE|Amandaburgh|2016|170|4990|3650|3947
TEND - NOW|West Donna|2007|296|1049|776|3710
DATA - RISE|Westtown|2018|28|771|1093|3876
RECENT - TEND|Susanchester|2013|437|2073|2954|2750
RANGE - NEWSPAPER|Sarahhaven|2006|499|377|3360|4343
COLOR - WONDER|East Aarontown|2016|452|236|2090|2209
INTEREST - FIRST|Brianstad|2004|51|3420|1156|3917
BAG - ALTHOUGH|Newtonfort|2021|400|1800|77|4841
MORE - DETAIL|Whiteheadchester|2018|490|3946|4287|52
YEAH - PROGRAM|East Kevin|2015|288|2968|3002|4827
GREEN - JOB|South Ericview|2003|270|4547|4499|3973
WESTERN - WIFE|Paulside|2015|207|656|453|3557
MAGAZINE - TRY|Cervantesfort|2012|384|1215|117|4597
HIS - PROTECT|Reneeland|2015|326|2100|2287|3259
SEA - SOUND|Port April|2013|2|2054|3617|2402
LET - CONTROL|East Margaret|2019|327|607|496|3255
FROM - WELL|Lake Ryan|2007|434|92|2957|4220
SET - ELSE|Port Matthewmouth|2004|380|1119|2058|2526
ENTER - ON|West Gregoryside|2012|53|1896|311|2488
WEAR - FOCUS|Jamieberg|2016|128|3995|1279|235
TEACHER - THROUGH|Harrisshire|2005|363|1724|1181|3869
EVERY - TOGETHER|Trujilloberg|2006|229|4659|2379|568
FORCE - OVER|South Shawnville|2001|192|1848|3200|360
ANALYSIS - GREEN|North Stevenfort|2014|225|330|1167|1807
PEACE - LEARN|East Michelleton|2012|39|4755|194|4918
KIND - HOT|Port Jacob|2020|398|796|1730|3556
APPLY - KEEP|Hardyland|2000|125|3581|4675|1914
CAREER - MISSION|Juliabury|2011|221|3054|667|2069
FROM - CLASS|Lake Jerryton|2008|235|4330|1679|3949
FEW - FOR|Lake Victor|2007|436|4722|4060|2424
ANYTHING - GOOD|Johnfort|2019|61|2267|4577|3658
CLEAR - BEGIN|West Rachel|2010|491|3691|4529|1484
WIFE - ALTHOUGH|Margaretview|2009|73|4344|3596|943
PIECE - YOUNG|Welchfort|2018|445|840|3398|1563
CAMERA - SIMPLE|Dalechester|2014|49|501|834|4585
BUSINESS - RISE|Davidport|2010|482|4439|3640|1182
BLUE - PATTERN|South Alex|2000|285|3596|1654|4266
EVENT - RESPONSE|Barbaratown|2002|428|4947|720|371
GET - PLAY|East Patricia|2008|492|2105|3794|2914
MISSION - ARTICLE|Port Martinfort|2005|145|4903|3817|2085
OIL - WHEN|Woodstad|2010|196|369|4553|2617
WILL - ACTUALLY|West Shawn|2015|109|2486|3456|1593
JOIN - RICH|Lake Linda|2003|345|1053|4356|2862
SECURITY - FOLLOW|West Angelafurt|2019|267|2995|433|180
DISCUSS - AS|Hickstown|2009|382|1912|169|1976
ADMINISTRATION - THANK|New Anna|2001|218|1601|1990|3667
MRS - THEN|Chaneyborough|2006|318|2084|2882|4433
OPTION - ENOUGH|North Vicki|2006|292|655|1738|910
WATER - HE|East Tammie|2011|257|2968|2852|3074
AMONG - HOSPITAL|Andrewton|2016|117|1873|681|4725
CHALLENGE - VOICE|Mariamouth|2018|41|1651|971|4513
MAKE - BABY|New Ashley|2013|122|2139|4166|305
POLICE - BEYOND|Lake Alex|2019|381|272|1324|1005
MARRIAGE - BEHAVIOR|Lake Alyssaport|2012|304|2878|4158|4710
INVESTMENT - SOMEONE|West Tracybury|2006|425|2823|2271|2033
RISE - DEAL|North Matthew|2017|424|666|1935|3772
ONTO - NEWSPAPER|Markhaven|2001|299|2701|2579|694
ANY - RESPOND|West Joshuaville|2009|438|1278|2603|890
EDGE - FOCUS|North Lisa|2012|203|3297|1555|4424
PRESSURE - TOWARD|Johnburgh|2021|180|3683|3711|2236
LIGHT - INVOLVE|South Josephmouth|2010|188|4674|456|3253
ON - GET|West Andrew|2000|257|1197|3108|3856
PRESENT - WIND|South Annaburgh|2001|339|3770|1490|342
IT - SUCH|Perezland|2018|48|4685|159|1720
TABLE - LEAVE|Jonesview|2010|105|1180|1351|3346
DARK - KITCHEN|Port Nathanmouth|2007|474|2150|2327|3494
NEVER - ACTUALLY|Williamtown|2014|393|171|1461|2392
RELATE - CONSIDER|Lake Tracey|2014|272|2425|3868|4395
GOOD - MOUTH|Port Jacobberg|2008|336|2141|1019|4300
CAMERA - LIKE|Robertport|2015|426|1205|3782|2320
RUN - TREE|Lake Aprilborough|2018|481|2299|738|2769
STEP - ALL|Lake Catherine|2008|78|2113|4941|2400
RECENTLY - FEAR|Seanmouth|2012|404|3345|2017|3014
NETWORK - FUTURE|Allisonstad|2001|155|4595|454|3940
CAN - CAUSE|Madelinehaven|2014|67|1595|4578|120
PURPOSE - SEA|North Tiffany|2011|380|2204|1427|1793
TOO - YET|South Nancyside|2015|331|160|3221|4972
SURE - SAME|Port Christopherbury|2004|221|3272|2097|89
ARTICLE - READ|North Adam|2003|251|4298|1958|2102
CAN - GOOD|New Jacquelineview|2018|218|547|4550|3937
SKILL - WESTERN|North Karinamouth|2017|334|3619|1447|3218
THOUGHT - OTHER|South Jennifer|2005|33|4557|3309|306
PERFORM - SIT|Elizabethland|2006|242|1319|2380|3768
INDICATE - SEEK|Chenview|2011|91|2246|3278|4554
TRUE - SEEM|Sanfordfurt|2002|342|4361|4442|3550
WESTERN - BROTHER|Lake Bryan|2006|53|4987|4102|3527
BAG - LOW|West Heather|2005|304|2551|2051|2684
NEXT - CUP|Lake Kellyfurt|2017|239|3468|4610|2480
RECENT - EDUCATION|New Stanley|2015|359|3182|1403|4539
LAST - FILL|New Cynthia|2016|389|1489|2312|3729
CLEAR - FOUR|West Nancy|2013|295|2903|242|3634
STOCK - EXPECT|West Patrick|2013|243|2861|3641|2990
PROFESSOR - LEAVE|Jeffersonfort|2013|25|655|2327|4321
SOCIAL - INSTITUTION|East Brandi|2020|154|334|1699|3781
START - RATHER|Wendymouth|2006|107|1835|3120|3582
PICK - MORE|North Kevinhaven|2000|109|4458|1560|2448
PIECE - MUCH|Lake Cheyennehaven|2005|356|128|4711|4777
COST - FINALLY|West Tammyville|2009|111|4626|557|1566
STATE - FATHER|Yvonnefort|2015|185|1619|2780|683
MEMBER - ACROSS|Williammouth|2020|388|1713|989|3108
RECENTLY - FILL|Lake Roberttown|2016|177|2736|2570|108
SCIENTIST - BABY|East Larry|2008|240|1881|1754|2155
SUGGEST - PROCESS|Catherinemouth|2004|285|1372|4416|3423
SIZE - MEDICAL|Lake Haroldshire|2011|250|913|2529|1708
SPACE - QUITE|North Adambury|2018|167|4296|129|3250
HISTORY - RECENTLY|West Lee|2008|120|4750|1484|3741
YOU - LINE|Whiteview|2008|308|929|704|2094
ONLY - MOVE|Lake Kyle|2017|316|2981|4110|4097
AND - SIMPLE|New Julia|2005|410|1183|3462|855
CLASS - PROJECT|North Eric|2013|30|2428|4274|3091
ANSWER - ACTION|Cantrellborough|2014|194|4239|786|4268
TERM - CONFERENCE|Lake Danielberg|2009|424|3609|3069|2016
EARLY - BORN|Santoshaven|2012|235|1060|1528|4743
CONSUMER - SEVERAL|Davidview|2016|361|4926|1023|426
BANK - EITHER|Lake Kylestad|2021|96|1376|405|4951
FEAR - MAKE|Hamptonchester|2004|40|1246|61|1415
NOR - PHYSICAL|North Robert|2013|32|4519|4606|1709
SCHOOL - WESTERN|Waterstown|2008|278|1378|3901|1349
ADMINISTRATION - CALL|Padillamouth|2011|252|3270|641|1752
SPEECH - BELIEVE|West Kelly|2006|72|2829|3789|4586
RECENT - SPECIFIC|Nicolemouth|2011|48|4392|1815|1662
MONTH - TEACH|East Sandra|2001|148|829|1590|824
SMILE - OPEN|Lake Regina|2012|431|177|3373|1640
INTO - PLACE|Reidmouth|2020|287|3598|595|72
RECORD - EITHER|Alexandermouth|2008|278|4076|962|4093
HUNDRED - STUDENT|Kimberlyshire|2018|484|1599|2050|4592
TOWN - FIGHT|Lake Julie|2006|301|1171|1372|3018
NUMBER - PER|Port Nancybury|2013|123|405|3613|3435
OR - PAPER|Rodriguezfurt|2021|198|1937|2000|1005
FEDERAL - BEAT|Reyeschester|2003|37|2045|4379|2540
EFFECT - OFFICER|New Randallchester|2016|95|966|4805|4058
PRESENT - OF|North Daniel|2020|165|4587|2479|826
HAND - SURFACE|Dianeberg|2019|9|1476|1426|3243
INTEREST - CERTAIN|Meganstad|2021|58|2812|2885|4315
IF - MODERN|Lake Curtisport|2019|124|2385|979|649
EXPECT - YOU|Ashleyborough|2003|448|2447|1251|1549
EAT - CAREER|Vincentmouth|2009|456|432|2531|4020
SON - TRUE|Port Lauraview|2020|164|3063|2627|177
LOW - IMAGINE|Rebeccaton|2019|371|1928|1950|2554
PROFESSIONAL - FINISH|Jamesmouth|2007|122|1998|1456|2305
ESPECIALLY - TAKE|Port Kennethport|2013|230|2052|4582|4100
GUY - HOT|Hamiltonport|2019|460|1552|2895|2320
MACHINE - HISTORY|Lake Kimberly|2001|92|3508|4109|200
AROUND - TABLE|East Debra|2003|256|1283|4584|2175
ADDRESS - CONFERENCE|North Shelly|2012|188|2209|492|4924
MARRIAGE - COMPUTER|East Kevin|2011|255|859|2141|90
CLEAR - TEAM|Keyside|2020|240|2430|889|2151
PRESSURE - RULE|New Paulland|2017|101|47|3706|1644
ANALYSIS - BUT|North Angelaburgh|2010|465|2644|483|4960
ACTUALLY - ECONOMIC|Port Annaborough|2020|424|3538|234|147
DEMOCRAT - AREA|North Michael|2000|289|1326|2806|3209
BOTH - IDEA|East James|2012|58|2190|3464|3427
STUDENT - RATHER|West John|2013|361|2826|4367|2096
NAME - THEY|West Marcoburgh|2012|332|2282|1453|2839
WORLD - WHATEVER|Murillomouth|2010|118|16|140|453
CONFERENCE - ARM|Paulville|2006|115|3213|533|4145
SEND - SHOULD|East Wayneland|2014|114|67|118|1827
COLD - MODEL|Hansonburgh|2014|123|1318|3302|4924
COLD - REALIZE|New Harold|2008|164|1566|4635|3690
USE - DRUG|Clarkberg|2009|93|1557|4532|4288
CONTROL - PROCESS|Port Garystad|2021|121|3808|201|2596
LISTEN - PUSH|East Jamesfort|2005|275|3085|3760|2991
VOICE - MOMENT|North Jennifer|2005|185|1563|820|1847
TEAM - CHARACTER|New Lisa|2005|414|3835|4187|678
WALL - CLEARLY|Morganville|2006|57|4900|2868|553
OFFICIAL - MODERN|Lake Jennifer|2008|394|3480|2404|4998
PRODUCTION - CONSUMER|South Jamesshire|2010|344|3811|3441|580
SEVEN - ACCEPT|New Jonathanburgh|2014|256|3098|1383|1883
OF - PROFESSOR|New Justinburgh|2019|461|1411|4904|169
SPEAK - JUST|Chadchester|2021|404|1366|3526|1704
WEEK - BREAK|New Michael|2012|415|4542|3515|4840
SPACE - MARRIAGE|West Lisaview|2015|16|4808|3538|2561
LIST - GENERATION|Escobarton|2000|120|1792|2395|3691
NATURE - TO|Port Johnny|2018|427|2923|939|3729
LATE - HIT|Brookeville|2002|246|878|2635|4440
CENTRAL - COLOR|Paulshire|2006|140|950|1263|2068
IDENTIFY - CHILD|East Ryan|2011|243|4786|2575|1971
PLANT - DURING|North Lorimouth|2004|169|4647|1916|4705
ANYTHING - MOVEMENT|Mitchellmouth|2016|316|4549|1232|2264
DOOR - PHONE|Cortezside|2006|457|692|3750|2794
GLASS - AMONG|New Maria|2011|117|4490|2653|979
BAG - PRESENT|Brianland|2004|31|1819|3470|842
COLD - FATHER|Odomshire|2004|340|468|1964|2685
FREE - MEASURE|Danielsfort|2001|474|468|2040|4775
ARTICLE - WIN|Port Sandyville|2020|17|435|2665|3822
FINAL - SUCCESS|Caitlinton|2020|110|4844|2221|1583
DRIVE - SAFE|Port Michele|2005|413|304|4274|1750
WAR - ADDRESS|North Lisa|2014|256|1371|3865|3977
EVENT - DISCOVER|South Ryan|2007|359|4059|4027|991
CONSIDER - SEEK|Patrickton|2000|269|1676|2941|1030
PROCESS - WRITER|New Erikfurt|2005|351|2399|4531|2977
THEN - NOTHING|East Michael|2012|224|2844|2850|1329
DECISION - ORGANIZATION|Davischester|2004|124|3520|1661|4013
ONCE - INSTEAD|Port Kristenside|2019|167|1841|2003|141
CLAIM - ECONOMY|East Jeffery|2003|97|4753|473|883
KNOWLEDGE - TRUTH|Lake Stephanie|2008|405|2343|3143|2509
LEAST - PROGRAM|East Michelle|2020|133|3178|3170|4077
DESPITE - ORGANIZATION|North Jenniferfurt|2003|259|2525|1008|4812
ALONG - BAR|Lake Josephland|2011|47|1185|2412|1353
ENTIRE - DARK|Jonesmouth|2002|285|4339|4027|3052
SONG - GOAL|South Michelle|2002|244|3671|2491|1796
STATE - OPEN|West Lori|2010|401|166|3393|1872
AGENT - HAND|Kellyhaven|2018|38|4802|2093|1431
SOMEBODY - EDGE|East Molly|2012|358|4248|2062|431
FRIEND - MARRIAGE|East Sonyamouth|2020|489|3909|511|4520
STAY - CHALLENGE|Mistyberg|2018|280|4807|3275|4698
STRUCTURE - MANAGEMENT|New Maryburgh|2013|234|4802|498|4743
FIND - RELIGIOUS|New Christinaside|2006|97|2628|3535|1498
LIGHT - SUFFER|Lake Donnatown|2007|424|4723|1595|3722
IMAGE - UNDER|Carpenterborough|2002|169|3275|2806|975
MANAGER - CARD|Port John|2011|425|4000|1734|4464
HAPPY - RELATE|Jimland|2013|402|39|3100|4068
HAPPY - CARD|Annmouth|2011|26|3515|1637|2326
OWNER - MANAGEMENT|West Katrina|2013|40|4735|1474|4687
HEAVY - MOTHER|Davisfurt|2003|494|260|965|3823
BLOOD - GOOD|Lake Adamtown|2011|475|2151|81|4558
APPROACH - RECENTLY|Lake Vickie|2004|156|4469|83|3763
THREE - ANY|Nicoleborough|2004|232|292|3346|4172
THANK - MYSELF|Brianville|2006|326|4554|3190|2225
OFFER - REQUIRE|Lake Angelaport|2012|132|1087|249|2021
PICK - ABILITY|Juanborough|2008|436|4628|2758|1072
WELL - LONG|Port Lindsey|2000|375|3529|293|2578
FROM - HEART|Jacobburgh|2016|60|4255|768|3672
CIVIL - AMOUNT|West Allison|2015|144|2263|314|1051
SO - JOIN|East Krystalport|2006|363|1697|1460|709
DAY - A|Melissaland|2021|474|3665|4164|755
DRIVE - SOUND|Powersport|2001|483|3114|1694|4890
AS - SKIN|Lake Gloria|2008|332|2958|1293|1127
OTHERS - RADIO|North Michael|2001|400|518|2271|721
ONTO - PRODUCTION|Campbellfort|2014|323|516|993|4446
BOOK - ACROSS|Destinyberg|2008|378|2489|4718|677
PROJECT - SECOND|Lake Amandaland|2009|141|439|463|3287
RELIGIOUS - CLASS|Christopherberg|2015|52|1391|3912|2353
HOPE - SCENE|Greggbury|2010|392|906|775|3135
CARD - OVER|Barkertown|2008|277|957|3919|2381
MANAGER - FISH|North Sandrastad|2015|100|348|623|2802
LANGUAGE - GROUP|Gregoryborough|2021|264|4254|4044|2462
MILITARY - BAR|Rebeccabury|2002|205|1249|1693|4232
CAN - THOUGH|Ericland|2008|354|181|2173|1475
NEAR - TIME|Jessicaburgh|2000|238|3091|2131|3716
BLACK - SKILL|Lake Robertberg|2005|200|4670|72|3290
EXAMPLE - PLAY|Haleland|2001|486|2212|2997|2310
TRIP - COMMON|New Jeffreymouth|2017|68|4128|2588|4349
HUSBAND - BRING|Port Amandastad|2010|215|1843|1536|3082
THE - REFLECT|Tanyaton|2018|37|1322|55|4540
SONG - SIX|Lake Jamesland|2008|488|1322|4390|1183
SISTER - IDEA|Johnstonview|2007|43|213|2707|497
GROW - BOTH|Robertstown|2001|59|4430|3648|1672
YOUR - WILL|New Julian|2014|323|4234|2611|3221
CHANGE - MEDIA|Susanberg|2008|255|3501|4195|3029
RETURN - EXIST|West Josephland|2014|219|3089|2732|4659
ELECTION - RECOGNIZE|West Ryanfort|2018|227|1115|755|1996
TOWN - EVERYBODY|Dustinberg|2009|80|3152|3753|2686
RANGE - EIGHT|East Kristy|2017|249|3842|2734|2059
ARM - CIVIL|Lake Darrell|2009|372|2280|3456|2191
HERE - EDGE|Port Kyle|2016|384|3916|938|4315
COLLECTION - VIEW|East Steven|2012|239|216|2146|3971
APPEAR - DRAW|New Lauraborough|2002|227|3577|2490|3779
RELATE - EARLY|North Marcus|2014|463|1737|2921|3547
CENTURY - ACT|Joshuaton|2016|41|2593|1648|373
HIT - INCREASE|Patrickshire|2019|8|2974|2634|2787
HIS - CLEAR|Port Bradchester|2017|253|4390|4179|1540
RADIO - ALMOST|Port Joan|2001|312|2291|1150|2646
BAD - CATCH|Pattersontown|2016|343|4228|492|705
EXPERT - PURPOSE|New Jessicashire|2001|212|252|2564|4552
ROAD - OPPORTUNITY|Cohenberg|2009|15|4310|117|2604
PHONE - TALK|Brettchester|2014|377|4117|978|4428
NEAR - PAST|Deborahburgh|2007|3|1406|615|3169
GUY - END|Natalieport|2017|26|919|4039|3682
DAY - FIGHT|East Joseph|2010|335|219|1509|2060
FISH - AWAY|South Rebeccabury|2002|133|1020|3726|482
BY - TRUE|West Barbara|2010|231|1494|134|4370
SIGNIFICANT - BABY|Powellhaven|2006|461|3938|504|3743
SPECIAL - RETURN|Nicolemouth|2021|318|2469|1449|3233
STAND - I|Port Keithville|2008|14|3310|1168|4753
NICE - ANSWER|Lisafurt|2001|437|2412|4394|2340
MONEY - GROUND|Andrealand|2012|71|3727|4070|2784
ANIMAL - INDICATE|South Kimberly|2011|223|4192|4676|4493
RELATE - DEBATE|Cisnerosmouth|2015|466|122|3694|1617
INVOLVE - HISTORY|Carpenterville|2007|214|4035|2464|4703
DRAW - FIRM|Salazarbury|2001|462|2093|4943|3086
FOCUS - MOTHER|East Nicholas|2006|22|3494|2352|1117
HUGE - DOWN|Smithview|2010|257|2127|752|3702
OPERATION - HOLD|South Kenneth|2018|500|2199|4566|1749
FAST - SAME|Juliebury|2003|500|1860|3326|708
CELL - SOCIETY|Jonesberg|2010|31|4292|4152|2434
ITS - FOUR|Robertoland|2005|349|1026|554|2160
GAS - FROM|Toddhaven|2001|77|2308|129|2608
BUDGET - WINDOW|Weissstad|2013|447|3724|4444|1805
POLITICS - REQUIRE|New Louisview|2000|475|2273|4060|1330
CHURCH - RESOURCE|Taylorview|2001|428|902|228|2925
OFFICER - CASE|South Ryanbury|2019|127|2900|63|3486
TOP - RUN|Port Tonistad|2001|342|174|765|3277
MODERN - WELL|Port Connie|2010|410|996|484|4649
OWNER - SOME|Sotoburgh|2002|310|319|3731|268
PUT - NEW|East Tiffany|2015|466|179|3659|3171
DOG - SIT|North Stephaniemouth|2018|201|2569|4176|41
PAINTING - INSTEAD|Thomastown|2012|395|1417|4898|996
CHOICE - LOSE|West Stephen|2002|298|3934|4893|3275
GENERATION - WRITE|Hurleyhaven|2021|434|2350|590|465
RATHER - WE|Mcdonaldhaven|2008|99|3106|1278|524
PART - UP|Andreshire|2011|161|675|4104|2140
LOCAL - CLAIM|Lake Brandishire|2020|323|4465|2942|823
WITHOUT - MUSIC|West Michaelview|2003|325|3743|4280|3125
NOW - DECISION|Port Amy|2008|164|4840|3192|1277
DEEP - HIT|Markhaven|2017|137|3425|3130|4275
ECONOMY - HUNDRED|Lewisfort|2007|56|567|619|2425
TRUTH - DECISION|Fishertown|2019|321|3646|1017|1735
WITH - REFLECT|Port Mary|2016|245|3809|4925|906
COMPARE - PROGRAM|New Melissaborough|2015|239|4194|2649|4838
WIDE - TERM|Brandonberg|2001|320|1034|1013|4479
CONTINUE - STOP|Port Lynnland|2002|398|4669|10|2035
BOX - FISH|Jonathanhaven|2021|108|3421|1700|2106
PRODUCE - MAGAZINE|North Ashley|2018|292|2350|598|747
WEIGHT - SPEECH|North Crystaltown|2007|157|2177|3717|4313
TREE - FIND|Davidport|2005|250|25|2640|1947
REQUIRE - OUR|New Steven|2013|126|3803|4789|3963
PER - SHOW|Rosefurt|2004|80|3889|4740|740
PAY - EVER|Ernestmouth|2019|168|1103|3087|711
PASS - REQUIRE|South Dustinview|2006|31|502|1943|1698
EVEN - MUCH|Davisborough|2001|474|3424|725|740
NOW - EVERYONE|West John|2003|500|2507|4564|1010
CENTER - NETWORK|Wangland|2013|119|4775|4091|2503
SPEAK - FLOOR|Jordanshire|2003|31|4515|175|664
EIGHT - ANIMAL|Smithville|2004|99|1745|1016|1250
PAST - MAYBE|South Kathymouth|2000|25|603|1291|3447
CALL - VIEW|Nguyenstad|2021|6|1064|1428|343
BEYOND - CONSUMER|Warefurt|2000|66|4507|4934|333
OFFICE - SURE|South Tiffany|2018|309|4169|3286|2353
LEAD - BREAK|West Alyssamouth|2007|417|1792|618|556
FIGHT - MAIN|Josephberg|2012|263|4230|620|2062
MEDICAL - BUT|Ballbury|2001|256|2287|2595|1503
WITH - BOY|Lake Charlesview|2008|356|3736|687|2253
ARTIST - RULE|East Morgan|2004|393|292|3256|2979
HER - SEVERAL|Brownview|2003|243|337|4925|153
STILL - FORWARD|Lake Roger|2014|235|1121|3649|2565
ATTENTION - REMAIN|East Michaelland|2019|18|182|282|280
READY - QUALITY|South Josephtown|2019|374|983|231|2315
EVER - MUST|Mitchellfurt|2018|347|4014|4726|4023
LOSE - RESPOND|Lambburgh|2012|226|3651|4474|4512
ISSUE - INDICATE|West Chelsea|2015|445|1905|583|1944
LAST - WALK|Kellyberg|2015|21|468|2976|2491
MEAN - OLD|Port Travis|2013|366|124|2393|4490
EAT - BENEFIT|Jacksonport|2000|134|2893|4727|1099
ITSELF - POSITION|Cortezbury|2003|247|1838|4519|1530
MRS - WESTERN|New Justin|2018|27|4379|258|116
MEAN - OPTION|North Kathleen|2017|193|1405|4268|3653
STOCK - LANGUAGE|Leslieside|2011|167|2912|3880|4882
LOSS - SOUTH|Hopkinsview|2009|204|1399|1482|63
THOSE - OWNER|Port Daniel|2015|487|508|4202|4586
RULE - THEMSELVES|Sanchezborough|2020|153|3765|2855|81
HERSELF - GENERAL|New Ryan|2003|365|4791|1315|1184
FROM - TASK|North Josephchester|2010|234|4728|3203|2514
DARK - LAUGH|West Samanthaville|2005|386|3171|1250|2584
NATIONAL - SYSTEM|Brandonchester|2004|248|269|3761|3470
PROVE - TYPE|South Maryland|2017|285|61|4857|4856
INDEED - ORDER|Thomasbury|2021|488|1525|4908|1633
MONEY - SIGN|Wolfberg|2011|100|253|1267|1957
BOX - BIG|Loriport|2004|97|2930|4452|1518
CITY - INTERESTING|Port Ryan|2014|73|876|4981|2692
TONIGHT - THING|Jessicaport|2011|461|2252|621|3642
TRY - STYLE|Moralesville|2020|444|1580|2822|4618
PUT - RELATIONSHIP|Johnland|2007|321|1176|3201|1647
YEAR - SKILL|Harpermouth|2015|37|4876|2149|2017
SITUATION - DEMOCRAT|West Tinahaven|2011|103|1619|4524|4988
PRETTY - MOUTH|Lonnietown|2008|257|3735|671|1883
ALTHOUGH - CHALLENGE|West Jillton|2009|203|3723|3792|23
IMPORTANT - PUSH|Murraymouth|2016|266|2903|2785|2091
YOURSELF - SERVICE|Teresamouth|2020|117|4085|312|4378
MY - BLUE|Stephaniefort|2008|172|3372|4957|4434
EVENING - ITSELF|Patrickburgh|2017|156|406|484|973
MYSELF - WHOSE|Deborahview|2008|438|659|3370|3518
DOWN - CURRENT|West Eric|2012|358|4097|3342|677
SEVEN - APPEAR|Lake Billyview|2010|225|536|3235|2313
PLACE - ALL|Port Raymond|2004|240|681|3476|769
NEW - GROW|Boydborough|2004|317|527|1514|3942
BROTHER - WESTERN|New Steve|2007|295|2556|3937|990
BRING - MORNING|Lake Nichole|2003|416|1248|3183|2714
THEY - BUT|Pittsville|2004|444|2005|969|270
FORMER - NO|Lake Brittanymouth|2017|443|3885|67|3208
IT - THOUGH|Samuelfort|2010|311|3902|2256|3149
POLICE - WHOM|Michaelchester|2016|188|925|4033|262
THING - PAST|Kimberlyhaven|2017|233|2901|2383|3382
NOT - STAGE|South Jeffrey|2015|472|3942|1102|516
YOUR - EYE|Juliechester|2007|67|904|2158|4696
PRODUCTION - FEDERAL|Aaronbury|2010|167|3744|2909|369
STEP - WORRY|Marshallbury|2019|41|3027|4948|1506
STATE - SAY|West Benjamin|2004|472|2364|1353|2788
ACTUALLY - RELATE|Susanview|2003|77|2613|1052|3818
THESE - HAPPEN|Port Johnmouth|2017|56|4921|1216|1453
COURSE - FROM|Johnborough|2018|97|4983|1081|2819
STAND - TRADE|Lake Kylehaven|2010|380|3294|2430|4499
BY - STAFF|West Kyle|2017|48|66|4477|3357
LANGUAGE - SIGN|New Matthewstad|2017|479|3680|2565|416
MAYBE - ROLE|South Laurastad|2011|112|1335|3933|3460
SENIOR - INTO|Cynthiaside|2009|299|242|4320|2688
YOUNG - ATTORNEY|North Staceymouth|2014|66|4078|757|3646
NATION - DROP|Alvarezton|2019|137|1085|489|3634
DREAM - IDEA|Hillton|2003|27|3005|2590|4867
ALMOST - CURRENT|North Michelle|2011|2|1221|4363|1127
BETWEEN - TEST|East Roger|2017|201|3956|2157|4878
AGENT - LEG|Port Carlosbury|2011|284|2794|98|2330
SCIENTIST - REST|Hartland|2014|384|4653|1655|3434
POPULATION - PURPOSE|East Alexandrafort|2003|368|1037|396|1488
STAR - BOARD|South Josephmouth|2018|8|2758|565|1048
READY - INDIVIDUAL|South Alex|2002|231|2286|584|4028
DURING - LONG|North Virginiaview|2002|106|3091|2337|1168
HEALTH - FOREIGN|Port Samantha|2002|98|4065|4901|2815
FIGURE - ENOUGH|Port Alexander|2015|275|1019|426|1204
AMOUNT - WHAT|Johnchester|2010|238|2775|3459|3345
MOVEMENT - NOTE|North Anthony|2019|279|428|4941|2513
WORRY - APPEAR|South Marychester|2002|153|2409|1896|3770
MODEL - PM|Port Jeanhaven|2013|419|17|1680|1503
AUTHOR - BEAUTIFUL|Sharonmouth|2009|158|893|3932|1050
DEVELOPMENT - ADMIT|Louisview|2001|461|4789|2361|959
KNOWLEDGE - CAMERA|West Kimberly|2001|141|3200|518|3611
DOCTOR - WHY|North Susanmouth|2007|465|4901|708|3840
TRUTH - DESPITE|West Angela|2021|473|3456|2863|443
WILL - HERE|East Brettbury|2013|419|4717|3824|472
REASON - AWAY|West Bobhaven|2015|432|172|2325|47
NICE - BAR|West Rachel|2006|147|3612|3919|4487
END - TECHNOLOGY|Davenportview|2010|265|2314|2149|3769
TAKE - WEEK|New William|2013|218|747|2211|2802
WEAR - ACTIVITY|Bryanburgh|2013|405|3704|2492|1542
HOW - STAFF|Timothyfurt|2003|109|3183|3477|299
WRONG - DINNER|Port Donald|2019|384|3422|122|4163
BOX - IDENTIFY|Baileyfort|2009|435|1415|1652|4038
PARTICIPANT - YOU|Danielleport|2002|439|1979|2523|3805
WONDER - DREAM|New Timothybury|2001|174|4661|1647|4761
MAJORITY - FEELING|Watkinston|2006|39|4113|2994|1368
FIGURE - FIGHT|Aaronshire|2016|375|2652|3477|4606
OVER - USE|Marissachester|2011|191|2035|4593|1141
GAME - FOUR|Harrisberg|2007|129|433|425|2173
COMPARE - HUMAN|East Ebonyside|2019|81|3513|3799|4222
ALREADY - WORRY|Charlesside|2011|219|4647|2622|4285
GREAT - CUSTOMER|Lake Christopherton|2016|25|4284|4340|3529
STAGE - WHY|New Nicole|2001|221|670|1130|1413
EVERYTHING - NICE|Robinsonborough|2015|492|2209|3189|3133
SOMETIMES - MUST|Joneschester|2009|57|207|486|999
STAFF - ESTABLISH|Sherryview|2017|158|2535|1146|2913
FINISH - ADULT|Amandaville|2008|236|2025|3604|636
FIGHT - COLOR|Lake Teresashire|2011|150|3094|3066|2404
HOLD - LOT|Port Nataliehaven|2001|243|1520|1109|2490
WALK - EVERYONE|Scottport|2015|483|3253|588|2965
MEAN - EXECUTIVE|Port Victor|2016|287|4037|3684|3631
AIR - FROM|Oliverfort|2020|254|4741|1175|3767
COMPARE - CLASS|Charleschester|2018|321|1871|3416|1632
EXPERIENCE - AUDIENCE|Jamesfurt|2005|158|1889|2753|3554
FIRE - JOB|North Shannonmouth|2001|280|2382|2336|4416
SPECIFIC - PRESSURE|Port Rebeccatown|2006|272|4560|2413|1204
DETERMINE - HELP|West Briannatown|2013|367|2938|1139|1359
SUFFER - FIRST|Woodardfort|2002|22|2769|4196|3804
SOMETHING - WIN|Port Vanessa|2002|148|4943|811|4559
PROVE - MAYBE|Kingberg|2003|226|157|2359|495
EAST - ACTIVITY|Simshaven|2021|70|1158|4612|2826
PARTICIPANT - GROUP|Lake Laurieborough|2009|311|1899|4560|1791
BIT - YOUNG|Port Territown|2008|278|1221|1227|2185
ACTION - FAR|Lake Charles|2004|89|3796|41|3988
LAY - RULE|Lake Sarah|2009|140|4130|3457|4678
FLY - BODY|West Kelseymouth|2018|299|1291|1760|361
SIZE - DIFFERENCE|Taylorfurt|2012|120|3803|4981|3689
LOT - BILL|Phillipsbury|2020|437|849|928|4996
PEOPLE - PICTURE|Fitzgeraldview|2018|278|3363|4556|4513
FORM - RELIGIOUS|East Holly|2016|498|4773|3137|4375
LET - TELL|New Ana|2006|192|3596|1042|4571
HOSPITAL - ADD|Port Michellefort|2008|285|2474|2179|4795
INDICATE - ABOUT|Cesarmouth|2008|206|2659|301|4004
UNDERSTAND - COLOR|Figueroaport|2019|500|2840|184|4736
IMAGINE - EXIST|Lake Angelaport|2018|266|2295|1790|2020
NEVER - BIG|East John|2006|102|3537|2238|1385
AGO - SYSTEM|Summerborough|2011|18|4374|374|4839
SUMMER - EACH|Juarezland|2013|193|185|3019|3168
WOMAN - DOOR|South Michaelland|2008|39|1578|1696|2486
CUT - SOON|New Mary|2020|124|3920|1704|417
UNDER - DETAIL|East Amandaberg|2005|447|1004|4748|556
CAR - CAMPAIGN|Wellsview|2002|112|3066|4120|2694
SAFE - DAUGHTER|Jenkinsstad|2009|2|2418|113|2951
TRAINING - SERVICE|New Kaitlyn|2003|221|4980|1315|2703
SYSTEM - ALONE|Kennedymouth|2001|225|749|375|3237
MANAGER - LOW|Vaughnport|2008|281|992|662|4809
HEART - SOMETHING|Laurentown|2015|61|3484|1216|2180
EVEN - DINNER|Maryshire|2015|348|1967|2264|170
ENOUGH - RECORD|Port Jonathanview|2012|133|3988|3255|1028
PICTURE - OFTEN|Saraburgh|2002|2|4883|3099|3178
COMMERCIAL - CENTER|South Ashleyburgh|2013|115|1481|3286|1810
HALF - LIST|North Christineborough|2014|104|1517|894|4936
ON - INTERVIEW|South John|2014|227|3463|3693|2262
FIRM - ACTION|Marcusfort|2017|468|4431|839|3871
FIRE - LOW|Davisville|2011|190|3422|3609|2702
BETTER - SOLDIER|Brownshire|2003|208|623|1713|2132
OF - PUSH|West Jeanetteport|2021|414|3605|4879|2140
CHURCH - MEMBER|North Natalie|2003|493|428|2770|49
DURING - ABOUT|Henrytown|2000|192|4472|2560|4931
PERHAPS - VOTE|Michaelton|2020|159|1975|4494|3557
ACTUALLY - LAUGH|South Tamaratown|2001|491|1483|1748|4066
FIRST - HEALTH|Port Destiny|2013|213|3879|260|4342
PARTICULARLY - STORY|East Mathew|2020|398|1522|3629|2261
EVENT - HEART|East Katelyn|2021|492|3921|2778|2665
SHOULD - FAMILY|Port Davidhaven|2014|244|3870|4777|3638
TREE - PERFORM|East Blake|2006|465|881|1205|2552
LAW - YARD|Williamschester|2011|248|509|1500|4830
FATHER - PROFESSOR|West Phillip|2014|405|1090|3881|3511
BASE - WE|Lake Holly|2020|142|4720|143|1054
WONDER - MISS|New Susanfurt|2006|55|634|2459|1835
NOW - STREET|New Michael|2007|250|4295|2774|4575
COLOR - CHARACTER|Kelseyborough|2019|109|4358|1746|2472
QUALITY - OPERATION|Blackfurt|2018|232|2270|616|4307
MIGHT - CLAIM|Collinsstad|2004|38|694|2944|3432
USUALLY - SEEK|Wardview|2016|229|4218|3540|4710
MAYBE - WRITER|South Katherinefurt|2015|39|2649|941|1672
CELL - RUN|Jacksonside|2007|160|1188|1693|2500
CULTURE - BELIEVE|Lake Larryfort|2004|434|4689|3703|252
ABOUT - LAY|Charlottebury|2006|214|1455|1831|1634
ASK - TREE|West Bobbyborough|2016|172|4652|999|3587
OF - BROTHER|Port Kristopherburgh|2002|165|2208|1085|474
QUESTION - CAUSE|Schmidtfort|2004|347|3722|2380|4117
HUNDRED - BLOOD|New Cassie|2015|278|2194|4606|1390
POLITICS - NORTH|Newtonmouth|2010|75|1183|270|1211
SEAT - CITIZEN|Lake Katherinechester|2006|284|4316|1642|502
CONSIDER - PRICE|Jeremyfort|2014|339|2714|3351|2455
ACT - AUTHORITY|South Michaelburgh|2014|130|2405|2306|2229
COULD - DECIDE|South Joshuaview|2006|61|3117|2247|1294
INCLUDE - RULE|Heatherton|2012|233|4719|4804|3366
RUN - CALL|East Miguel|2015|136|1677|321|945
TRIP - BEFORE|Garciaside|2009|243|2741|4741|2092
BEHIND - UNIT|Thomasshire|2018|108|840|68|1795
SIDE - ROCK|Garciachester|2021|14|3324|1021|1811
SPACE - CHALLENGE|South Karen|2016|299|738|3413|2770
BED - WAY|Port April|2021|100|588|4213|4651
MODERN - GO|West Kimburgh|2018|343|2442|2023|542
HER - SONG|Dawnstad|2004|329|4504|1838|2690
POLICE - THEORY|South Justinmouth|2001|224|753|1047|3082
POLITICAL - AT|East Zacharyborough|2001|128|1959|3901|2257
SHOW - DARK|Rileyside|2018|150|852|3390|231
AFFECT - SING|East Scottfort|2018|98|3480|3093|1062
GROWTH - ANIMAL|Lake Rhondashire|2012|277|101|25|1043
ALSO - WIND|North Gregoryview|2014|311|2194|1966|2242
AMOUNT - EXPERIENCE|Port Josechester|2019|151|258|749|3691
SIGN - MOTHER|Danielchester|2007|320|3893|1316|4333
FAR - EDGE|Sextonmouth|2001|226|705|4907|578
RETURN - WRITER|Velezville|2011|424|727|3737|2797
ALL - STEP|East Charlesmouth|2009|162|2240|4707|2469
SIT - HALF|West Andreafort|2001|450|2508|4644|298
SIT - THROUGH|New Amychester|2020|405|226|487|1127
PROGRAM - NIGHT|Victoriaville|2021|288|4935|4675|324
ADDRESS - TONIGHT|Erikaland|2000|372|1564|1620|3261
PHYSICAL - ENVIRONMENTAL|New Carlafort|2008|65|4277|3509|4430
CENTRAL - TAX|Derrickton|2016|207|2791|2787|3895
OPERATION - TRIAL|Hickshaven|2016|243|985|4319|4153
PLAY - CERTAINLY|Carrieport|2019|199|4264|1916|4962
ATTENTION - GROW|Williamtown|2020|300|1156|4240|2324
OWNER - CITY|Ashleymouth|2015|481|1962|4187|2367
SEEK - DISCUSSION|Port Jeffrey|2018|419|2769|1942|3085
TEST - PLANT|Lake David|2019|465|4202|4033|2935
ABLE - COUPLE|Laurenshire|2006|392|1576|2303|3123
BROTHER - RELIGIOUS|Moyerview|2019|31|202|2361|284
TOO - SPACE|Reedshire|2005|277|905|4932|456
STATEMENT - CERTAINLY|Barnettmouth|2008|64|4070|3692|2235
PROTECT - MAN|East Stephen|2007|445|4929|2256|2143
HOWEVER - FORMER|West Jonathan|2005|82|4247|4034|2498
TALK - THREE|Ryanborough|2012|299|2757|721|1700
WALK - SOMETHING|Carolmouth|2016|269|2518|4182|4842
STILL - BABY|New Taylor|2019|479|1051|755|2145
RULE - BACK|South Patrick|2013|480|2167|4621|4041
FOREIGN - MEDICAL|Port Justinchester|2007|166|415|2527|4042
FATHER - TREE|New Tammy|2009|397|695|202|4029
INTO - SECURITY|Port Richard|2020|127|3897|4540|4598
DRAW - AVAILABLE|Port Anthony|2005|14|548|3560|2642
BLUE - VIEW|West Bradley|2008|107|3017|2445|3835
PROVIDE - THOUSAND|New Julia|2017|98|2096|1583|2798
PROPERTY - BRING|North Annamouth|2008|112|4372|1012|1401
SIGNIFICANT - APPROACH|Tonyabury|2013|264|3106|4322|1354
ENVIRONMENTAL - COURSE|Rachelburgh|2017|418|1611|3045|4812
OTHERS - CONCERN|New Amystad|2018|417|1834|404|3638
SOCIAL - STORY|Hopkinsburgh|2009|491|298|3937|3531
DESCRIBE - ARTICLE|Tanyastad|2003|180|1287|4720|609
GAS - EVEN|Kingmouth|2015|92|4858|832|34
BEYOND - EFFECT|South Eric|2011|117|4471|3545|3333
US - BEFORE|Jarvisville|2012|305|1109|3918|661
REALITY - SUDDENLY|Brendashire|2012|384|2488|2038|1696
SOMETHING - THING|Lindachester|2007|76|1413|2375|2483
BEAUTIFUL - LEARN|North Elaineland|2021|494|1425|1887|756
NO - MEETING|Lake Tylershire|2013|405|643|1139|2074
HIT - READY|Riveramouth|2018|467|4118|1548|152
WORK - OFFICE|Port Shawn|2013|309|629|1217|463
ENERGY - EVERYONE|Port Heather|2019|153|3251|1958|446
ENVIRONMENT - QUALITY|Westmouth|2010|317|344|4674|703
INTERNATIONAL - EIGHT|West Edwardburgh|2001|90|1588|1628|2094
VARIOUS - VARIOUS|Brownbury|2015|360|3187|3603|3073
SUCCESSFUL - WHATEVER|Leonview|2017|161|2204|3393|4861
PHYSICAL - LATE|Johnborough|2020|120|1114|1193|3679
NATURAL - PARENT|Manuelshire|2012|396|1379|3269|1169
NOR - WATER|North Tiffanyland|2013|478|3446|37|3319
GOVERNMENT - SORT|New Brittany|2013|64|1465|1026|2114
EDGE - TO|Morrisstad|2009|351|4803|4162|4678
RELIGIOUS - HUSBAND|Lake Stephen|2010|325|463|4997|4965
ROCK - STANDARD|Hutchinsonfurt|2007|118|1048|3131|1183
PERSONAL - ANYTHING|North Clinton|2012|13|3832|646|4664
SIX - YET|Lake Tammy|2017|119|3350|1324|420
HAIR - SIX|Amandamouth|2003|48|4950|4293|1352
OFF - REFLECT|Angelaport|2018|229|2317|737|3722
WORD - ASK|New Ronnie|2014|288|4779|2832|3745
EXPERIENCE - AGE|Robertport|2003|2|4260|3814|1925
ECONOMY - BLUE|North Kyle|2002|243|634|1208|280
NATIONAL - NUMBER|Jacksonview|2019|416|2576|523|1328
DEEP - BROTHER|New Hailey|2016|489|3388|138|4953
WAY - STAND|Danielstad|2020|378|3087|2643|3430
DROP - BENEFIT|West Davidview|2015|468|2769|1563|3233
SAFE - ATTORNEY|Garyland|2012|458|830|789|3317
POOR - LEAD|Simpsonbury|2018|454|1350|3014|4318
REQUIRE - HOLD|East Kiaramouth|2018|144|3635|4326|2280
PROGRAM - POLITICAL|New Ian|2019|413|3666|2187|1709
BETTER - LAW|Port Nancyfort|2019|150|2555|1808|2524
GROUP - ENVIRONMENTAL|Amyburgh|2012|475|1156|1716|4348
INSIDE - PARENT|New Hannahborough|2010|492|655|2681|3225
OFFICER - FUND|South Regina|2012|203|3744|3975|2852
BE - REDUCE|Williamsburgh|2013|145|2469|294|1837
ANYTHING - HOW|Smithport|2021|344|3728|4355|3897
PERHAPS - RESPOND|South Andreview|2010|262|2390|1161|2354
HEALTH - ANALYSIS|Reyeston|2017|497|2239|3774|2702
THIS - READ|Marcusfort|2010|410|1454|1840|56
AVAILABLE - FOCUS|Lisaside|2004|316|4116|3688|3525
BEST - SCHOOL|Lake Dawn|2021|78|1998|2779|3846
WEIGHT - JOB|North Margaretstad|2017|159|1181|2418|647
YEAR - LITTLE|Zacharyland|2006|290|4300|542|4292
SPEAK - BEAUTIFUL|New Joseph|2017|84|127|2391|4998
COURT - PM|Port Brendaburgh|2010|491|707|1978|1948
DOOR - BODY|Tatemouth|2012|164|4869|4480|852
EDGE - FEELING|Pricehaven|2013|152|4577|1892|4469
AS - LOCAL|Port David|2021|266|3138|3363|2098
EVERYONE - AGENT|Stanleychester|2010|152|1271|2220|4432
REALITY - DETERMINE|Port Theodore|2005|279|1485|771|464
MAY - HIS|New Pamela|2004|243|2608|3809|4476
LOOK - CARRY|Melissaport|2000|348|4308|3110|3749
YARD - RED|Lake William|2003|366|3102|1078|1127
EACH - CHANCE|North Shelby|2007|66|2048|2460|134
DATA - SURE|Millerville|2004|5|3474|464|4090
SIMPLY - POLICE|Lake Alyssa|2013|374|4710|4008|30
DISCOVER - THERE|South John|2013|224|105|4845|4368
LEAD - PRESSURE|Millsberg|2013|173|1268|1193|1925
AT - ENTIRE|Yustad|2013|424|1948|2250|438
RANGE - POOR|South Mariohaven|2010|394|1586|2569|2045
HALF - BUILD|Evanborough|2002|397|2627|993|2472
INSIDE - FOOD|Teresaland|2004|377|2667|4118|4212
FACE - AT|Lisaberg|2012|243|4858|1076|240
SUDDENLY - FOLLOW|Kathyfurt|2014|241|919|2183|685
MAYBE - LAW|East Heatherborough|2009|176|2177|692|3839
REASON - SPEECH|Port Sara|2001|219|57|2330|1757
SIMILAR - REMAIN|Lake Keithfort|2009|30|2293|2532|4133
QUITE - IMPACT|Greerfort|2006|218|937|3511|4503
DETERMINE - RULE|Port Paulachester|2002|58|4495|2601|4198
FRIEND - LET|Kathrynborough|2010|464|2817|1790|4804
SOMEONE - CHOOSE|West Ianmouth|2001|403|1644|3336|3150
DEVELOP - WHILE|South Jamesborough|2000|259|4054|3851|2606
WHICH - COLLEGE|East Michael|2016|217|4120|1105|4441
RUN - LIFE|Lake Toddfort|2004|267|196|4312|1913
COMMON - FUND|North Leslie|2012|22|4528|3703|4868
PRODUCTION - MILLION|Ingramside|2002|45|554|1015|1646
UNDERSTAND - SISTER|Lake Kevinland|2000|113|3782|2514|3122
TALK - ADULT|Gordonborough|2016|373|1856|4427|1955
WALL - TALK|Chanfurt|2003|4|3247|3846|1276
RECEIVE - NATIONAL|East Clifford|2003|1|3779|4441|2320
OFFICIAL - CONTAIN|Meganside|2007|438|1131|3559|2299
COMMERCIAL - WORD|Emilyville|2019|89|701|3156|3359
EFFECT - HUSBAND|Port Whitneyhaven|2007|395|845|2901|2392
CHARGE - TABLE|Lake Robertfurt|2018|499|4961|4842|2294
TRADITIONAL - SOLDIER|West Colleenmouth|2011|124|405|1018|4275
TALK - NONE|South Valerie|2017|94|2036|4743|4019
COST - RANGE|South Brian|2020|488|1178|3161|4170
WHEN - THE|Singhborough|2020|458|4046|302|3366
EVEN - INTO|South Johnburgh|2010|239|1493|721|4268
CAMPAIGN - PROFESSIONAL|New Jason|2017|220|4252|4931|447
ADMIT - BE|Perezshire|2002|293|2850|275|4383
AUTHOR - THEM|Hartmanhaven|2006|210|3095|1508|941
BEYOND - OUR|Ayalaville|2016|201|3246|852|370
ESPECIALLY - CONSUMER|New Miranda|2020|320|2102|640|903
ASK - PREVENT|Lake Michael|2009|373|3398|4351|1217
NATURAL - BOY|North Karenhaven|2008|28|277|4956|3196
MEMORY - EXPECT|New Shawn|2020|234|1061|4229|2181
STAY - CONTROL|Lisaville|2015|10|3328|3079|4558
PRODUCE - WIFE|Dayton|2011|221|2229|1463|1449
BREAK - COMMUNITY|Russellfurt|2003|486|2628|4563|2396
SIMPLY - ALWAYS|Michelleville|2013|17|695|4183|3542
FORMER - AGENCY|Lake Christine|2012|38|3514|3149|2809
TRIP - SEE|Ballardport|2019|128|626|104|4644
DO - FILL|Davischester|2002|285|4222|1543|4055
ENERGY - POWER|Sarahchester|2004|398|980|2275|3919
WE - SEEK|Maryside|2020|194|3856|1486|3461
PURPOSE - COUPLE|Lake Leslie|2010|106|3145|4137|3127
THAN - THEY|East Brandi|2000|201|3474|4232|2899
WORLD - SUDDENLY|Terriland|2001|465|2036|4253|265
FROM - MARRIAGE|West Laura|2018|342|4805|416|741
LATE - NATION|Pagetown|2017|297|1527|3347|541
CHALLENGE - SINGLE|Derekfurt|2011|22|254|534|3560
WORKER - OPPORTUNITY|Johnsonville|2015|380|1412|4007|672
SECURITY - BENEFIT|Serranomouth|2017|466|4926|560|3661
CHARGE - TAX|Wandaburgh|2010|376|1701|755|3271
THEIR - CONTINUE|Gregoryview|2007|55|2420|3533|1057
CHOICE - INTEREST|Nicolebury|2011|63|2396|951|4597
MARKET - SUBJECT|South Antonio|2002|168|1752|2062|3576
ADMINISTRATION - DIFFERENT|Samanthaburgh|2006|117|4679|1951|3962
CUP - RISK|Michaelfort|2001|218|4777|4125|3
SKILL - RETURN|South Trevormouth|2017|482|1952|2639|3690
UNTIL - HUGE|West Zachary|2011|271|2455|36|3928
NOTHING - IMAGINE|Port Leslie|2011|122|1450|4587|166
ANYONE - KID|East Christina|2002|490|2361|2833|2605
SINCE - INDICATE|Lake Stephenside|2011|351|3909|3549|3526
THROW - ITSELF|Sheppardmouth|2013|194|1531|2538|1487
NO - MARKET|Port Thomasmouth|2016|185|2002|1373|996
WHICH - RANGE|North Dawnfort|2017|210|148|981|389
SORT - KNOWLEDGE|South Christopher|2003|315|1518|4586|4151
MAY - RECENTLY|New Parker|2014|344|2989|1850|1907
MORE - WHOLE|Aprilstad|2012|107|880|763|3746
CLASS - EFFECT|West Kimberlychester|2007|157|621|2343|4204
STUFF - CENTURY|South Gary|2008|37|1162|1020|224
HAPPEN - TREAT|New Jacob|2019|183|908|780|1792
CHECK - YOU|Codyborough|2009|64|3389|767|2441
JUST - ADMINISTRATION|Jillianburgh|2003|134|498|1462|3930
ALONE - THING|North Katherinechester|2002|417|605|4004|2376
PARTY - THOUSAND|Smithmouth|2018|137|1697|1619|3420
FOR - HAPPEN|West James|2008|28|3261|2295|1301
DRIVE - SAME|West Michaelside|2021|58|3616|4676|4340
COMMON - MRS|Port David|2014|247|4585|2487|3933
GENERAL - INVOLVE|Williamsview|2008|64|1613|4471|1128
CURRENT - MODEL|Robertsburgh|2007|78|3878|3345|2717
TRY - STAR|New Darrell|2016|44|4130|2125|1802
THROUGHOUT - OPTION|West Christian|2000|449|923|2624|3303
SUMMER - GIRL|Evansport|2017|34|3468|2218|1470
NOR - FOR|Sheilaport|2012|494|3286|186|814
FACT - MAN|East Katherinechester|2002|439|244|2319|3397
PUSH - RELATE|Brownville|2000|141|4494|3141|3923
TRUE - AGAIN|Robertburgh|2002|329|2270|937|2876
OUR - REVEAL|East Lori|2015|248|1772|4696|3316
FINAL - ROCK|Sharpfurt|2019|457|2258|2734|1165
SMALL - DIFFERENCE|Lake Kimberlychester|2020|1|1601|2503|3909
STOCK - REPORT|Jamesmouth|2013|16|1652|4675|4725
ATTORNEY - SET|Alexanderbury|2005|279|3646|1537|3292
TELEVISION - NOTE|New Brandon|2011|263|2471|1838|1325
EFFORT - WIN|South Rebecca|2002|295|782|178|4239
PASS - POSSIBLE|Marquezburgh|2006|127|2467|1679|3683
PAINTING - ABILITY|Copelandborough|2014|432|1155|3221|1248
SAME - KEY|Johnfurt|2005|365|3926|2697|4974
POPULATION - COLOR|East Michelle|2008|224|4144|4621|4078
CLAIM - COMMUNITY|Lake Adam|2005|11|1428|534|102
UNDERSTAND - SIX|Strongview|2006|415|4056|4063|2626
INDIVIDUAL - SPECIAL|West Ericaberg|2015|127|4503|1458|3227
TOP - UNDER|Port Craig|2011|318|760|2574|1390
ACTUALLY - DIFFICULT|South Brandyshire|2020|339|2119|3699|264
TAKE - GAME|Jimmyland|2000|168|1528|503|4909
BALL - AMONG|New Nathanielport|2010|239|3009|3853|2282
I - INSIDE|North Lindahaven|2010|475|799|2444|1934
ITS - CANDIDATE|Derekberg|2009|355|2188|2655|4385
HAND - HEAVY|Alexanderberg|2010|123|3446|3243|598
FUND - REMEMBER|Lake Kristy|2001|488|2242|2820|1151
BALL - NEVER|West Johnnychester|2000|237|2690|3143|336
DO - SIZE|West Dawn|2015|473|2237|4400|2322
TOUGH - AUTHOR|East Edward|2016|181|3882|4540|1044
PATTERN - WOMAN|South Charlesport|2019|362|1907|4867|4640
OUR - NEED|Lake Kimberly|2017|241|4134|4327|3784
RATHER - MILLION|West Tammy|2008|190|485|267|4055
HE - SOCIAL|New Tara|2014|470|608|2952|3395
IDEA - PATTERN|Jacksonview|2018|350|4319|2478|2745
